OrderID;from;Category Name;sales
10248;France;Dairy Products;168
10248;France;Grains/Cereals;98
10248;France;Dairy Products;174
10249;France;Produce;167,4
10249;France;Produce;1696
10250;Belarus;Seafood;77
10250;Belarus;Produce;1484
10250;Belarus;Condiments;252
10251;France;Grains/Cereals;100,8
10251;France;Grains/Cereals;234
10251;France;Condiments;336
10252;France;Dairy Products;2592
10252;France;Dairy Products;50
10252;France;Dairy Products;1088
10253;Belarus;Dairy Products;200
10253;Belarus;Beverages;604,8
10253;Belarus;Confections;640
10254;Belgium;Beverages;54
10254;Belgium;Meat/Poultry;403,2
10254;Belgium;Produce;168
10255;France;Condiments;304
10255;France;Dairy Products;486,5
10255;France;Seafood;380
10255;France;Dairy Products;1320
10256;France;Meat/Poultry;393
10256;France;Condiments;124,8
10257;Austria;Confections;877,5
10257;Austria;Beverages;86,4
10257;Austria;Condiments;156
10258;Belgium;Beverages;760
10258;Belgium;Condiments;1105
10258;Belgium;Dairy Products;153,6
10259;Austria;Confections;80
10259;Austria;Seafood;20,8
10260;Denmark;Seafood;123,2
10260;Denmark;Grains/Cereals;780
10260;Denmark;Confections;591
10260;Denmark;Beverages;252
10261;France;Dairy Products;160
10261;France;Condiments;288
10262;Spain;Condiments;204
10262;Spain;Produce;360
10262;Spain;Grains/Cereals;60,8
10263;Belgium;Confections;834
10263;Belgium;Beverages;100,8
10263;Belgium;Seafood;1242
10263;Belgium;Produce;288
10264;Denmark;Beverages;532
10264;Denmark;Seafood;192,5
10265;Belgium;Meat/Poultry;936
10265;Belgium;Beverages;240
10266;France;Dairy Products;364,8
10267;Austria;Seafood;735
10267;Austria;Dairy Products;3080
10267;Austria;Beverages;216
10268;Austria;Meat/Poultry;990
10268;Austria;Dairy Products;111,2
10269;France;Dairy Products;120
10269;France;Dairy Products;556
10270;France;Seafood;456
10270;France;Condiments;920
10271;France;Dairy Products;48
10272;Spain;Confections;388,8
10272;Spain;Dairy Products;400
10272;Spain;Dairy Products;667,2
10273;Spain;Seafood;595,2
10273;Spain;Dairy Products;150
10273;Spain;Dairy Products;40
10273;Spain;Seafood;882
10273;Spain;Beverages;475,2
10274;France;Dairy Products;344
10274;France;Dairy Products;194,6
10275;Denmark;Beverages;43,2
10275;Denmark;Dairy Products;264
10276;France;Seafood;372
10276;France;Seafood;48
10277;Denmark;Produce;728
10277;Denmark;Confections;472,8
10278;Belgium;Condiments;248
10278;Belgium;Dairy Products;660
10278;Belgium;Condiments;280,8
10278;Belgium;Seafood;300
10279;Denmark;Meat/Poultry;468
10280;Belgium;Beverages;43,2
10280;Belgium;Meat/Poultry;384
10280;Belgium;Beverages;186
10281;France;Dairy Products;7,3
10281;France;Condiments;21,6
10281;France;Condiments;57,6
10282;France;Seafood;124,2
10282;France;Grains/Cereals;31,2
10283;Denmark;Condiments;248
10283;Denmark;Confections;131,4
10283;Denmark;Dairy Products;952
10283;Denmark;Dairy Products;83,4
10284;Denmark;Confections;526,5
10284;Denmark;Condiments;325,5
10284;Denmark;Dairy Products;544
10284;Denmark;Beverages;56
10285;Spain;Beverages;648
10285;Spain;Seafood;588
10285;Spain;Meat/Poultry;943,2
10286;Spain;Beverages;1440
10286;Spain;Confections;1576
10287;France;Dairy Products;556
10287;France;Condiments;224
10287;France;Seafood;144
10288;France;Meat/Poultry;59
10288;France;Dairy Products;30
10289;Belgium;Condiments;240
10289;Belgium;Grains/Cereals;239,4
10290;Belgium;Condiments;340
10290;Belgium;Meat/Poultry;1485
10290;Belgium;Confections;240
10290;Belgium;Condiments;104
10291;France;Seafood;96
10291;France;Condiments;372
10291;France;Produce;84,8
10292;France;Dairy Products;1296
10293;France;Seafood;600
10293;France;Condiments;36
10293;France;Condiments;175,5
10293;France;Condiments;37,2
10294;Spain;Beverages;259,2
10294;Spain;Meat/Poultry;468
10294;Spain;Beverages;552
10294;Spain;Dairy Products;571,2
10294;Spain;Beverages;37,2
10295;France;Grains/Cereals;121,6
10296;Denmark;Dairy Products;201,6
10296;Denmark;Confections;417
10296;Denmark;Dairy Products;432
10297;Belgium;Beverages;864
10297;Belgium;Dairy Products;556
10298;Denmark;Beverages;608
10298;Denmark;Seafood;608
10298;Denmark;Dairy Products;1320
10298;Denmark;Confections;591
10299;France;Dairy Products;109,5
10299;France;Condiments;240
10300;Denmark;Condiments;408
10300;Denmark;Confections;200
10301;France;Seafood;147
10301;France;Grains/Cereals;608
10302;France;Meat/Poultry;1248
10302;France;Produce;1019,2
10302;France;Condiments;441,6
10303;Austria;Seafood;588
10303;Austria;Condiments;504
10303;Austria;Confections;150
10304;France;Dairy Products;480
10304;France;Dairy Products;440
10304;France;Dairy Products;34,4
10305;France;Seafood;1250
10305;France;Meat/Poultry;2475
10305;France;Condiments;432
10306;France;Seafood;207
10306;France;Meat/Poultry;262
10306;France;Meat/Poultry;29,5
10307;Denmark;Confections;394
10307;Denmark;Confections;30
10308;Spain;Dairy Products;28,8
10308;Spain;Beverages;60
10309;Denmark;Condiments;352
10309;Denmark;Condiments;600
10309;Denmark;Grains/Cereals;22,4
10309;Denmark;Beverages;736
10309;Denmark;Dairy Products;51,6
10310;France;Dairy Products;139
10310;France;Dairy Products;197
10311;Austria;Grains/Cereals;67,2
10311;Austria;Dairy Products;201,6
10312;France;Produce;145,6
10312;France;Condiments;883,2
10312;France;Meat/Poultry;524
10312;France;Condiments;62
10313;Spain;Seafood;182,4
10314;Spain;Dairy Products;1024
10314;Spain;Seafood;318
10314;Spain;Confections;985
10315;Denmark;Beverages;156,8
10315;Denmark;Beverages;360
10316;Spain;Seafood;77
10316;Spain;Confections;2758
10317;Denmark;Beverages;288
10318;Denmark;Seafood;154
10318;Denmark;Beverages;86,4
10319;France;Meat/Poultry;249,6
10319;France;Produce;509,6
10319;France;Condiments;432
10320;France;Dairy Products;516
10321;Denmark;Beverages;144
10322;France;Grains/Cereals;112
10323;Denmark;Condiments;62
10323;Denmark;Confections;44,8
10323;Denmark;Beverages;57,6
10324;France;Dairy Products;291,9
10324;France;Condiments;1008
10324;France;Seafood;288
10324;France;Dairy Products;1760
10324;France;Condiments;2808
10325;Denmark;Condiments;120
10325;Denmark;Seafood;57,6
10325;Denmark;Produce;167,4
10325;Denmark;Dairy Products;40
10325;Denmark;Dairy Products;1112
10326;France;Condiments;422,4
10326;France;Grains/Cereals;249,6
10326;France;Condiments;310
10327;Denmark;Beverages;380
10327;Denmark;Dairy Products;840
10327;Denmark;Seafood;724,5
10327;Denmark;Seafood;318
10328;Austria;Dairy Products;396
10328;Austria;Condiments;672
10328;Austria;Confections;100
10329;France;Dairy Products;73
10329;France;Seafood;165,6
10329;France;Condiments;4216
10329;France;Grains/Cereals;364,8
10330;Denmark;Confections;1245
10330;Denmark;Dairy Products;695
10331;Belgium;Meat/Poultry;88,5
10332;Denmark;Seafood;2000
10332;Denmark;Grains/Cereals;112
10332;Denmark;Confections;121,6
10333;France;Produce;186
10333;France;Dairy Products;80
10333;France;Dairy Products;688
10334;France;Grains/Cereals;44,8
10334;France;Dairy Products;100
10335;Denmark;Beverages;106,4
10335;Denmark;Dairy Products;250
10335;Denmark;Dairy Products;153,6
10335;Denmark;Produce;2035,2
10336;France;Condiments;316,8
10337;Austria;Grains/Cereals;288
10337;Austria;Confections;597,6
10337;Austria;Seafood;304
10337;Austria;Seafood;582,4
10337;Austria;Dairy Products;695
10338;France;Meat/Poultry;624
10338;France;Seafood;310,5
10339;Denmark;Condiments;176
10339;Denmark;Meat/Poultry;2184
10339;Denmark;Confections;1103,2
10340;Belgium;Seafood;1000
10340;Belgium;Seafood;92,4
10340;Belgium;Beverages;1472
10341;France;Dairy Products;16
10341;France;Dairy Products;396
10342;Austria;Beverages;364,8
10342;Austria;Dairy Products;560
10342;Austria;Seafood;608
10342;Austria;Meat/Poultry;768
10343;Denmark;Grains/Cereals;1330
10343;Denmark;Confections;40
10343;Denmark;Beverages;216
10344;France;Condiments;616
10344;France;Condiments;2240
10345;Spain;Condiments;2240
10345;Spain;Confections;584
10345;Spain;Grains/Cereals;100,8
10346;Spain;Meat/Poultry;1123,2
10346;Spain;Grains/Cereals;608
10347;Denmark;Confections;112
10347;Denmark;Beverages;720
10347;Denmark;Seafood;58,8
10347;Denmark;Beverages;37,2
10348;France;Condiments;216
10348;France;Grains/Cereals;180
10349;France;Meat/Poultry;141,6
10350;Spain;Confections;195
10350;Spain;Dairy Products;518,4
10351;Belgium;Beverages;4216
10351;Belgium;Seafood;100,1
10351;Belgium;Condiments;1193,5
10351;Belgium;Condiments;168
10352;Austria;Beverages;36
10352;Austria;Meat/Poultry;118
10353;Belgium;Dairy Products;201,6
10353;Belgium;Beverages;10540
10354;France;Condiments;172,8
10354;France;Meat/Poultry;396
10355;Belgium;Beverages;90
10355;Belgium;Grains/Cereals;390
10356;France;Dairy Products;300
10356;France;Meat/Poultry;230,4
10356;France;Dairy Products;576
10357;Denmark;Seafood;744
10357;Denmark;Confections;398,4
10357;Denmark;Dairy Products;217,6
10358;Spain;Beverages;36
10358;Spain;Beverages;112
10358;Spain;Seafood;304
10359;France;Dairy Products;778,4
10359;France;Dairy Products;700
10359;France;Dairy Products;2176
10360;Belgium;Produce;1092
10360;Belgium;Meat/Poultry;3465
10360;Belgium;Beverages;2108
10360;Belgium;Confections;560
10360;Belgium;Meat/Poultry;165,2
10361;Spain;Beverages;777,6
10361;Spain;Dairy Products;1496
10362;Belgium;Confections;560
10362;Belgium;Produce;848
10362;Belgium;Meat/Poultry;141,6
10363;Austria;Dairy Products;200
10363;Austria;Beverages;74,4
10363;Austria;Beverages;172,8
10364;Austria;Dairy Products;864
10364;Austria;Dairy Products;86
10365;Belgium;Dairy Products;403,2
10366;Denmark;Condiments;84
10366;Denmark;Condiments;52
10367;France;Condiments;403,2
10367;France;Meat/Poultry;106,2
10367;France;Condiments;252
10367;France;Condiments;72,8
10368;Belgium;Confections;40
10368;Belgium;Produce;473,2
10368;Belgium;Grains/Cereals;390
10368;Belgium;Grains/Cereals;931
10369;France;Meat/Poultry;1980
10369;France;Grains/Cereals;547,2
10370;Belgium;Beverages;216
10370;Belgium;Grains/Cereals;798
10370;Belgium;Produce;160
10371;Spain;Seafood;91,2
10372;France;Dairy Products;777,6
10372;France;Condiments;8432
10372;France;Dairy Products;1904
10372;France;Dairy Products;1167,6
10373;Denmark;Seafood;848
10373;Denmark;Dairy Products;860
10374;France;Dairy Products;300
10374;France;Seafood;159
10375;Spain;Produce;279
10375;Spain;Meat/Poultry;59
10376;Denmark;Dairy Products;420
10377;France;Produce;728
10377;France;Condiments;288
10378;Denmark;Dairy Products;103,2
10379;France;Seafood;61,6
10379;France;Condiments;561,6
10379;France;Condiments;336
10380;Denmark;Seafood;372,6
10380;Denmark;Meat/Poultry;524
10380;Denmark;Dairy Products;163,2
10380;Denmark;Beverages;360
10381;Denmark;Produce;112
10382;Belgium;Condiments;544
10382;Belgium;Seafood;450
10382;Belgium;Meat/Poultry;1386
10382;Belgium;Dairy Products;120
10382;Belgium;Produce;400
10383;Belgium;Seafood;96
10383;Belgium;Confections;195
10383;Belgium;Grains/Cereals;608
10384;Belgium;Confections;1814,4
10384;Belgium;Dairy Products;408
10385;France;Produce;240
10385;France;Dairy Products;544
10385;France;Dairy Products;80
10386;Denmark;Beverages;54
10386;Denmark;Beverages;112
10387;France;Condiments;54
10387;France;Produce;218,4
10387;France;Dairy Products;528
10387;France;Dairy Products;258
10388;France;Seafood;114
10388;France;Grains/Cereals;112
10388;France;Meat/Poultry;1048
10389;Belgium;Seafood;396,8
10389;Belgium;Meat/Poultry;288
10389;Belgium;Confections;788
10389;Belgium;Beverages;360
10390;Belgium;Dairy Products;600
10390;Belgium;Beverages;576
10390;Belgium;Seafood;432
10390;Belgium;Dairy Products;667,2
10391;Austria;Seafood;86,4
10392;Belgium;Dairy Products;1440
10393;France;Condiments;380
10393;France;Produce;781,2
10393;France;Dairy Products;78,4
10393;France;Dairy Products;1743
10393;France;Dairy Products;320
10394;Spain;Seafood;48
10394;Spain;Confections;394
10395;Austria;Seafood;268,8
10395;Austria;Meat/Poultry;1834
10395;Austria;Dairy Products;230,4
10396;Austria;Grains/Cereals;288
10396;Austria;Dairy Products;1032
10396;Austria;Dairy Products;583,8
10397;France;Dairy Products;80
10397;France;Produce;763,2
10398;France;Condiments;432
10398;France;Meat/Poultry;2304
10399;France;Dairy Products;600
10399;France;Dairy Products;516
10399;France;Condiments;504
10399;France;Condiments;145,6
10400;Austria;Meat/Poultry;2079
10400;Austria;Beverages;504
10400;Austria;Confections;480
10401;Spain;Seafood;372,6
10401;Spain;Grains/Cereals;2128
10401;Spain;Condiments;336
10401;Spain;Dairy Products;1032
10402;Belgium;Grains/Cereals;432
10402;Belgium;Condiments;2281,5
10403;Belgium;Confections;291,9
10403;Belgium;Confections;714
10404;Denmark;Confections;747
10404;Denmark;Grains/Cereals;448
10404;Denmark;Confections;480
10405;Denmark;Condiments;400
10406;France;Condiments;144
10406;France;Dairy Products;240
10406;France;Produce;1528,8
10406;France;Seafood;76
10406;France;Seafood;29,4
10407;Denmark;Dairy Products;504
10407;Denmark;Dairy Products;432
10407;Denmark;Dairy Products;258
10408;Austria;Seafood;208
10408;Austria;Meat/Poultry;35,4
10408;Austria;Confections;1379
10409;France;Produce;223,2
10409;France;Dairy Products;96
10410;Belgium;Dairy Products;98
10410;Belgium;Dairy Products;704
10411;Belgium;Seafood;192,5
10411;Belgium;Condiments;620
10411;Belgium;Dairy Products;396
10412;France;Produce;372
10413;Spain;Beverages;345,6
10413;Spain;Confections;1576
10413;Spain;Beverages;201,6
10414;Denmark;Confections;131,4
10414;Denmark;Dairy Products;100
10415;Spain;Meat/Poultry;62,4
10415;Spain;Dairy Products;40
10416;France;Dairy Products;146
10416;France;Meat/Poultry;262
10416;France;Grains/Cereals;312
10417;France;Condiments;10540
10417;France;Seafood;19,2
10417;France;Dairy Products;360
10417;France;Condiments;364
10418;Spain;Beverages;912
10418;Spain;Confections;418
10418;Spain;Condiments;364,8
10418;Spain;Produce;120
10419;France;Dairy Products;1632
10419;France;Dairy Products;576
10420;France;Meat/Poultry;1552
10420;France;Seafood;9,6
10420;France;Condiments;96
10420;France;Seafood;240
10421;France;Dairy Products;29,2
10421;France;Dairy Products;747
10421;France;Meat/Poultry;393
10421;France;Condiments;104
10422;Denmark;Confections;49,8
10423;Austria;Dairy Products;140
10423;Austria;Dairy Products;880
10424;Denmark;Beverages;864
10424;Denmark;Beverages;10329,2
10424;Denmark;Confections;300
10425;Spain;Meat/Poultry;192
10425;Spain;Beverages;288
10426;Denmark;Grains/Cereals;152
10426;Denmark;Grains/Cereals;186,2
10427;Belgium;Produce;651
10428;France;Seafood;192
10429;Denmark;Confections;520
10429;Denmark;Condiments;1228,5
10430;Belgium;Meat/Poultry;1404
10430;Belgium;Confections;400
10430;Belgium;Grains/Cereals;912
10430;Belgium;Dairy Products;3080
10431;Belgium;Meat/Poultry;1560
10431;Belgium;Seafood;735
10431;Belgium;Confections;228
10432;France;Dairy Products;249
10432;France;Meat/Poultry;236
10433;France;Grains/Cereals;851,2
10434;Denmark;Dairy Products;100,8
10434;Denmark;Beverages;259,2
10435;Austria;Beverages;152
10435;Austria;Grains/Cereals;201,6
10435;Austria;Dairy Products;278
10436;Belgium;Seafood;48
10436;Belgium;Grains/Cereals;1216
10436;Belgium;Grains/Cereals;798
10436;Belgium;Beverages;148,8
10437;France;Meat/Poultry;393
10438;France;Dairy Products;109,5
10438;France;Condiments;224
10438;France;Grains/Cereals;234
10439;Denmark;Dairy Products;456
10439;Denmark;Confections;222,4
10439;Denmark;Grains/Cereals;159,6
10439;Denmark;Produce;240
10440;France;Condiments;684
10440;France;Dairy Products;681,1
10440;France;Meat/Poultry;2376
10440;France;Condiments;2052
10441;France;Dairy Products;1755
10442;Belgium;Dairy Products;504
10442;Belgium;Meat/Poultry;472
10442;Belgium;Condiments;816
10443;France;Dairy Products;100,8
10443;France;Produce;436,8
10444;Belgium;Meat/Poultry;312
10444;Belgium;Confections;373,5
10444;Belgium;Beverages;115,2
10444;Belgium;Seafood;231
10445;Belgium;Beverages;86,4
10445;Belgium;Meat/Poultry;88,5
10446;France;Dairy Products;87,6
10446;France;Condiments;72
10446;France;Dairy Products;30
10446;France;Grains/Cereals;84
10447;France;Dairy Products;292
10447;France;Condiments;588
10447;France;Dairy Products;34,4
10448;France;Dairy Products;149,4
10448;France;Seafood;294
10449;Belgium;Seafood;347,2
10449;Belgium;Grains/Cereals;112
10449;Belgium;Confections;1379
10450;France;Seafood;496
10450;France;Meat/Poultry;35,4
10451;Spain;Meat/Poultry;2304
10451;Spain;Grains/Cereals;931
10451;Spain;Condiments;470,4
10451;Spain;Condiments;572
10452;France;Produce;546
10452;France;Condiments;1550
10453;Belgium;Confections;153
10453;Belgium;Beverages;300
10454;Spain;Confections;278
10454;Spain;Dairy Products;40
10454;Spain;Seafood;96
10455;France;Condiments;288
10455;France;Meat/Poultry;1310
10455;France;Condiments;570
10455;France;Dairy Products;516
10456;Denmark;Confections;320
10456;Denmark;Confections;336
10457;Denmark;Dairy Products;1584
10458;France;Dairy Products;747
10458;France;Produce;1092
10458;France;Condiments;736
10458;France;Grains/Cereals;456
10458;France;Dairy Products;860
10459;France;Produce;384
10459;France;Seafood;192
10459;France;Dairy Products;1112
10460;Denmark;Confections;210
10460;Denmark;Beverages;24,8
10461;Denmark;Confections;320
10461;Denmark;Seafood;579,6
10461;Denmark;Meat/Poultry;1152
10462;Austria;Seafood;4,8
10462;Austria;Grains/Cereals;151,2
10463;France;Dairy Products;153,3
10463;France;Grains/Cereals;560
10464;Austria;Condiments;281,6
10464;Austria;Beverages;110,4
10464;Austria;Grains/Cereals;912
10464;Austria;Dairy Products;544
10465;France;Condiments;90
10465;France;Meat/Poultry;1782
10465;France;Seafood;294
10465;France;Seafood;228
10465;France;Dairy Products;325
10466;Belgium;Dairy Products;168
10466;Belgium;Seafood;48
10467;Denmark;Beverages;100,8
10467;Denmark;Confections;134,4
10468;Denmark;Seafood;165,6
10468;Denmark;Beverages;552
10469;France;Condiments;608
10469;France;Dairy Products;486,5
10469;France;Condiments;31
10470;Belgium;Seafood;1500
10470;Belgium;Grains/Cereals;108
10470;Belgium;Grains/Cereals;212,8
10471;Belgium;Produce;720
10471;Belgium;Grains/Cereals;608
10472;France;Condiments;288
10472;France;Produce;763,2
10473;Denmark;Dairy Products;24
10473;Denmark;Dairy Products;206,4
10474;France;Produce;223,2
10474;France;Produce;655,2
10474;France;Seafood;308,7
10474;France;Condiments;62
10475;France;Dairy Products;350
10475;France;Condiments;816
10475;France;Condiments;604,8
10476;Austria;Meat/Poultry;38,4
10476;Austria;Beverages;144
10477;France;Condiments;216
10477;France;Dairy Products;168
10477;France;Condiments;288
10478;France;Seafood;496
10479;Spain;Beverages;6324
10479;Spain;Meat/Poultry;733,6
10479;Spain;Dairy Products;2640
10479;Spain;Grains/Cereals;798
10480;Austria;Confections;228
10480;Austria;Dairy Products;528
10481;France;Dairy Products;384
10481;France;Dairy Products;1088
10482;Denmark;Seafood;147
10483;France;Condiments;392
10483;France;Condiments;312
10484;Belgium;Confections;112
10484;Belgium;Seafood;147
10484;Belgium;Produce;127,2
10485;Denmark;Beverages;304
10485;Denmark;Condiments;160
10485;Denmark;Meat/Poultry;576
10485;Denmark;Beverages;720
10486;Austria;Dairy Products;84
10486;Austria;Produce;1060
10486;Austria;Produce;128
10487;France;Dairy Products;36,5
10487;France;Dairy Products;747
10487;France;Meat/Poultry;141,6
10488;Austria;Dairy Products;1320
10488;Austria;Seafood;240
10489;Belgium;Dairy Products;252
10489;Belgium;Confections;250,2
10490;Austria;Dairy Products;2640
10490;Austria;Confections;300
10490;Austria;Beverages;223,2
10491;Austria;Condiments;232,5
10491;Austria;Condiments;72,8
10492;Belgium;Confections;672
10492;Belgium;Grains/Cereals;224
10493;Spain;Condiments;252
10493;Spain;Condiments;136
10493;Spain;Dairy Products;288
10494;Belgium;Grains/Cereals;912
10495;Denmark;Grains/Cereals;72
10495;Denmark;Seafood;154
10495;Denmark;Condiments;52
10496;France;Dairy Products;200
10497;Denmark;Grains/Cereals;425,6
10497;Denmark;Dairy Products;695
10497;Denmark;Condiments;260
10498;Austria;Beverages;63
10498;Austria;Seafood;92
10498;Austria;Grains/Cereals;420
10499;Denmark;Produce;912
10499;Denmark;Confections;500
10500;Spain;Condiments;186
10500;Spain;Produce;364,8
10501;Belgium;Meat/Poultry;149
10502;France;Seafood;199,5
10502;France;Meat/Poultry;196,8
10502;France;Condiments;420
10503;Denmark;Produce;1627,5
10503;Denmark;Condiments;421
10504;France;Condiments;228
10504;France;Dairy Products;120
10504;France;Meat/Poultry;328
10504;France;Condiments;712,5
10505;Denmark;Confections;147,9
10506;Denmark;Confections;252
10506;Denmark;Beverages;210
10507;Belgium;Beverages;690
10507;Belgium;Confections;191,25
10508;Denmark;Seafood;60
10508;Denmark;Beverages;180
10509;Belgium;Produce;136,8
10510;France;Meat/Poultry;4456,44
10510;France;Condiments;279
10511;Belgium;Condiments;1100
10511;Belgium;Produce;1500
10511;Belgium;Condiments;400
10512;Denmark;Beverages;45
10512;Denmark;Seafood;108
10512;Denmark;Confections;57
10512;Denmark;Dairy Products;408
10513;France;Dairy Products;400
10513;France;Dairy Products;1600
10513;France;Condiments;427,5
10514;Belgium;Confections;3159
10514;Belgium;Produce;1596
10514;Belgium;Grains/Cereals;2660
10514;Belgium;Condiments;820,95
10514;Belgium;Beverages;387,5
10515;Spain;Meat/Poultry;1552
10515;Spain;Confections;872,5
10515;Spain;Confections;5268
10515;Spain;Dairy Products;40
10515;Spain;Dairy Products;2856
10516;Denmark;Seafood;1562,5
10516;Denmark;Seafood;772
10516;Denmark;Grains/Cereals;280
10517;France;Grains/Cereals;42
10517;France;Dairy Products;220
10517;France;Condiments;90
10518;France;Condiments;22,5
10518;France;Condiments;3952,5
10518;France;Condiments;175,05
10519;Belgium;Seafood;496
10519;Belgium;Grains/Cereals;1520
10519;Belgium;Dairy Products;340
10520;France;Condiments;36
10520;France;Meat/Poultry;164
10521;Belgium;Beverages;54
10521;Belgium;Seafood;96,5
10521;Belgium;Confections;75
10522;Denmark;Beverages;720
10522;Denmark;Condiments;960
10522;Denmark;Seafood;517,8
10522;Denmark;Seafood;460
10523;France;Meat/Poultry;975
10523;France;Dairy Products;1215
10523;France;Seafood;468
10523;France;Seafood;57,9
10524;Belgium;Seafood;62
10524;Belgium;Seafood;258,9
10524;Belgium;Beverages;2760
10524;Belgium;Meat/Poultry;111,75
10525;Belgium;Seafood;570
10525;Belgium;Seafood;276
10526;France;Condiments;144
10526;France;Seafood;60
10526;France;Grains/Cereals;1140
10527;Spain;Condiments;1100
10527;Spain;Seafood;570
10528;Denmark;Dairy Products;63
10528;Denmark;Dairy Products;20
10528;Denmark;Dairy Products;313,2
10529;Denmark;Meat/Poultry;336
10529;Denmark;Confections;250
10529;Denmark;Dairy Products;360
10530;Belgium;Meat/Poultry;1560
10530;Belgium;Beverages;1150
10530;Belgium;Condiments;570
10530;Belgium;Beverages;900
10531;France;Dairy Products;110
10532;Austria;Seafood;388,35
10532;Austria;Condiments;408
10533;Denmark;Condiments;1100
10533;Denmark;Dairy Products;835,2
10533;Denmark;Seafood;360
10534;Denmark;Seafood;258,9
10534;Denmark;Seafood;184
10534;Denmark;Meat/Poultry;74,5
10535;Belgium;Dairy Products;1050
10535;Belgium;Seafood;184
10535;Belgium;Grains/Cereals;97,5
10535;Belgium;Dairy Products;825
10536;Denmark;Dairy Products;570
10536;Denmark;Dairy Products;250
10536;Denmark;Dairy Products;75
10536;Denmark;Dairy Products;1190
10537;France;Dairy Products;375
10537;France;Produce;318
10537;France;Seafood;265
10537;France;Dairy Products;730,8
10537;France;Seafood;135
10538;Belgium;Beverages;105
10538;Belgium;Dairy Products;34,8
10539;Belgium;Seafood;48
10539;Belgium;Confections;150
10539;Belgium;Dairy Products;37,5
10539;Belgium;Confections;120
10540;Spain;Condiments;600
10540;Spain;Confections;1249,2
10540;Spain;Beverages;7905
10540;Spain;Confections;437,5
10541;Belarus;Beverages;157,5
10541;Belarus;Beverages;1054
10541;Belarus;Condiments;757,8
10541;Belarus;Dairy Products;193,5
10542;Denmark;Dairy Products;315
10542;Denmark;Meat/Poultry;178,8
10543;Denmark;Dairy Products;1140
10543;Denmark;Grains/Cereals;630
10544;Denmark;Produce;319,2
10544;Denmark;Beverages;98
10545;Denmark;Dairy Products;210
10546;France;Produce;300
10546;France;Condiments;540
10546;France;Dairy Products;1972
10547;France;Dairy Products;768
10547;France;Seafood;1140
10548;France;Condiments;140
10548;France;Seafood;135,1
10549;Spain;Dairy Products;687,5
10549;Spain;Seafood;950
10549;Spain;Produce;2544
10550;Austria;Meat/Poultry;312
10550;Austria;Confections;92
10550;Austria;Confections;60
10550;Austria;Condiments;285
10551;Austria;Confections;698
10551;Austria;Beverages;360
10551;Austria;Condiments;778
10552;Austria;Dairy Products;648
10552;Austria;Beverages;232,5
10553;France;Dairy Products;315
10553;France;Dairy Products;244,3
10553;France;Grains/Cereals;504
10553;France;Dairy Products;375
10553;France;Condiments;108
10554;Denmark;Confections;523,5
10554;Denmark;Grains/Cereals;180
10554;Denmark;Confections;986
10554;Denmark;Condiments;130
10555;France;Produce;697,5
10555;France;Dairy Products;322
10555;France;Condiments;81
10555;France;Produce;1060
10555;France;Grains/Cereals;1520
10556;France;Dairy Products;835,2
10557;Denmark;Grains/Cereals;997,5
10557;Denmark;Beverages;155
10558;Belgium;Confections;237,5
10558;Belgium;Produce;1060
10558;Belgium;Grains/Cereals;210
10558;Belgium;Meat/Poultry;590,4
10558;Belgium;Seafood;45
10559;Belgium;Seafood;115,8
10559;Belgium;Meat/Poultry;432
10560;Austria;Seafood;517,8
10560;Austria;Confections;739,5
10561;Denmark;Condiments;194,5
10561;Denmark;Produce;2650
10562;France;Dairy Products;50
10562;France;Dairy Products;493
10563;France;Seafood;475
10563;France;Grains/Cereals;490
10564;Spain;Meat/Poultry;624
10564;Spain;Dairy Products;75
10564;Spain;Meat/Poultry;600
10565;Denmark;Beverages;112,5
10565;Denmark;Grains/Cereals;598,5
10566;Belgium;Dairy Products;735
10566;Belgium;Seafood;1125
10566;Belgium;Beverages;180
10567;Denmark;Dairy Products;750
10567;Denmark;Produce;159
10567;Denmark;Dairy Products;2200
10568;Denmark;Seafood;155
10569;Spain;Dairy Products;437,5
10569;Spain;Beverages;540
10570;Denmark;Dairy Products;315
10570;Denmark;Grains/Cereals;2280
10571;Belgium;Produce;255,75
10571;Belgium;Grains/Cereals;392
10572;Belgium;Confections;209,4
10572;Belgium;Dairy Products;320
10572;Belgium;Seafood;920
10572;Belgium;Beverages;116,25
10573;Belgium;Meat/Poultry;702
10573;Belgium;Beverages;560
10573;Belgium;Meat/Poultry;820
10574;France;Dairy Products;35
10574;France;Seafood;36,8
10574;France;Dairy Products;493
10574;France;Grains/Cereals;199,5
10575;Denmark;Dairy Products;660
10575;Denmark;Condiments;263,4
10575;Denmark;Dairy Products;1044
10575;Denmark;Beverages;180
10576;France;Condiments;180
10576;France;Dairy Products;250
10576;France;Condiments;408,45
10577;France;Condiments;180
10577;France;Condiments;155
10577;France;Condiments;234
10578;Belgium;Beverages;360
10578;Belgium;Grains/Cereals;117
10579;Denmark;Condiments;155
10579;Denmark;Beverages;162,75
10580;Denmark;Produce;348,75
10580;Denmark;Seafood;86,85
10580;Denmark;Condiments;631,5
10581;Denmark;Beverages;387,5
10582;Belgium;Grains/Cereals;78
10582;Belgium;Beverages;252
10583;France;Meat/Poultry;1237,9
10583;France;Dairy Products;816
10583;France;Dairy Products;360
10584;Belgium;Dairy Products;625
10585;France;Dairy Products;142,5
10586;France;Grains/Cereals;28
10587;France;Dairy Products;187,38
10587;France;Condiments;360
10587;France;Condiments;260
10588;Spain;Seafood;2500
10588;Spain;Grains/Cereals;1400
10589;Denmark;Beverages;72
10590;Denmark;Beverages;360
10590;Denmark;Condiments;780
10591;France;Condiments;140
10591;France;Produce;300
10591;France;Meat/Poultry;372,5
10592;Denmark;Condiments;387,5
10592;Denmark;Confections;156,15
10593;Denmark;Confections;1701
10593;Denmark;Dairy Products;720
10593;Denmark;Beverages;72
10594;France;Grains/Cereals;168
10594;France;Seafood;397,5
10595;Belgium;Beverages;540
10595;Belgium;Condiments;3420
10595;Belgium;Dairy Products;2340
10596;France;Grains/Cereals;190
10596;France;Condiments;1053,6
10596;France;Condiments;232,5
10597;Belgium;Beverages;157,5
10597;Belgium;Grains/Cereals;390
10597;Belgium;Condiments;252,6
10598;Spain;Confections;2195
10598;Spain;Dairy Products;193,5
10599;Belgium;Confections;493
10600;Spain;Meat/Poultry;29,8
10600;Spain;Seafood;450
10601;Austria;Seafood;360
10601;Austria;Dairy Products;1925
10602;France;Condiments;65
10603;France;Grains/Cereals;1008
10603;France;Dairy Products;500
10604;Austria;Confections;76,5
10604;Austria;Beverages;180
10605;Denmark;Confections;523,5
10605;Denmark;Dairy Products;1100
10605;Denmark;Dairy Products;2380
10605;Denmark;Dairy Products;322,5
10606;France;Condiments;440
10606;France;Meat/Poultry;480
10606;France;Dairy Products;493
10607;France;Produce;1350
10607;France;Meat/Poultry;3900
10607;France;Dairy Products;35
10607;France;Seafood;772,8
10607;France;Dairy Products;417,6
10608;France;Grains/Cereals;1064
10609;Austria;Beverages;54
10609;Austria;Seafood;310
10609;Austria;Confections;60
10610;Spain;Seafood;399
10611;France;Condiments;108
10611;France;Condiments;190
10611;France;Dairy Products;510
10612;France;Seafood;2170
10612;France;Seafood;1045
10612;France;Dairy Products;360
10612;France;Dairy Products;1360
10612;France;Condiments;1440
10613;Austria;Seafood;48
10613;Austria;Beverages;310
10614;Belgium;Dairy Products;294
10614;Belgium;Confections;80
10614;Belgium;Beverages;90
10615;France;Meat/Poultry;120
10616;Denmark;Beverages;3952,5
10616;Denmark;Grains/Cereals;532
10616;Denmark;Beverages;225
10616;Denmark;Dairy Products;322,5
10617;Denmark;Dairy Products;1650
10618;Denmark;Condiments;1750
10618;Denmark;Grains/Cereals;760
10618;Denmark;Confections;187,5
10619;Denmark;Confections;420
10619;Denmark;Grains/Cereals;840
10620;Denmark;Beverages;22,5
10620;Denmark;Grains/Cereals;35
10621;Denmark;Confections;46
10621;Denmark;Grains/Cereals;90
10621;Denmark;Beverages;300
10621;Denmark;Dairy Products;322,5
10622;France;Condiments;380
10622;France;Dairy Products;225
10623;Austria;Produce;488,25
10623;Austria;Confections;138
10623;Austria;Confections;250
10623;Austria;Beverages;13,5
10623;Austria;Beverages;540
10624;France;Produce;456
10624;France;Meat/Poultry;742,74
10624;France;Condiments;194,5
10625;Spain;Produce;69,75
10625;Spain;Grains/Cereals;70
10625;Spain;Dairy Products;340
10626;Belgium;Meat/Poultry;393,6
10626;Belgium;Dairy Products;680
10626;Belgium;Dairy Products;430
10627;France;Dairy Products;739,5
10627;France;Seafood;525
10628;Belgium;Beverages;450
10629;Austria;Meat/Poultry;2475,8
10629;Austria;Grains/Cereals;299,25
10630;Denmark;Meat/Poultry;288
10630;Denmark;Beverages;630
10631;Spain;Beverages;62
10632;France;Condiments;570
10632;France;Dairy Products;50
10633;Belgium;Dairy Products;1368
10633;Belgium;Seafood;78
10633;Belgium;Confections;1093,05
10633;Belgium;Confections;3944
10634;Austria;Produce;1050
10634;Austria;Seafood;3125
10634;Austria;Produce;795
10634;Austria;Beverages;15,5
10635;Denmark;Condiments;220
10635;Denmark;Condiments;320,25
10635;Denmark;Grains/Cereals;840
10636;France;Condiments;550
10636;France;Seafood;79,5
10637;France;Dairy Products;210
10637;France;Dairy Products;406,25
10637;France;Grains/Cereals;2280
10638;Denmark;Seafood;190
10638;Denmark;Condiments;442,05
10638;Denmark;Dairy Products;2088
10639;France;Seafood;500
10640;France;Dairy Products;720
10640;France;Condiments;225
10641;Austria;Beverages;950
10641;Austria;Seafood;1104
10642;France;Dairy Products;300
10642;France;Condiments;570
10643;Belgium;Produce;684
10643;Belgium;Beverages;378
10643;Belgium;Seafood;24
10644;France;Seafood;250
10644;France;Condiments;920
10644;France;Seafood;252
10645;Belarus;Seafood;1250
10645;Belarus;Seafood;285
10646;Denmark;Beverages;270
10646;Denmark;Seafood;558
10646;Denmark;Dairy Products;645
10646;Denmark;Condiments;455
10647;France;Dairy Products;276
10647;France;Condiments;360
10648;France;Grains/Cereals;315
10648;France;Condiments;67,5
10649;Denmark;Produce;912
10649;Denmark;Dairy Products;522
10650;Denmark;Seafood;776,7
10650;Denmark;Meat/Poultry;820
10650;Denmark;Meat/Poultry;223,5
10651;France;Dairy Products;110,4
10651;France;Grains/Cereals;420
10652;Austria;Seafood;51,78
10652;Austria;Grains/Cereals;280
10653;Austria;Confections;523,5
10653;Austria;Dairy Products;680
10654;Belgium;Condiments;264
10654;Belgium;Beverages;360
10654;Belgium;Meat/Poultry;44,7
10655;France;Seafood;193
10656;Denmark;Produce;69,75
10656;Denmark;Condiments;544,6
10656;Denmark;Confections;57
10657;France;Condiments;775
10657;France;Seafood;231,6
10657;France;Seafood;540
10657;France;Dairy Products;95
10657;France;Grains/Cereals;1710
10657;France;Dairy Products;1020
10658;Spain;Confections;600
10658;Spain;Seafood;1288
10658;Spain;Dairy Products;1870
10658;Spain;Condiments;910
10659;France;Dairy Products;250
10659;France;Seafood;441,6
10659;France;Condiments;600
10660;Spain;Confections;1701
10661;Denmark;Beverages;54
10661;Denmark;Seafood;649,25
10662;Denmark;Confections;125
10663;Belgium;Seafood;552
10663;Belgium;Grains/Cereals;420
10663;Belgium;Produce;1060
10664;Austria;Seafood;744
10664;Austria;Grains/Cereals;456
10664;Austria;Condiments;315,75
10665;Denmark;Produce;1060
10665;Denmark;Dairy Products;55
10665;Denmark;Beverages;180
10666;France;Meat/Poultry;4456,44
10666;France;Condiments;210,5
10667;Belgium;Dairy Products;1620
10667;Belgium;Dairy Products;301
10668;France;Dairy Products;100
10668;France;Meat/Poultry;96
10668;France;Grains/Cereals;498,75
10669;France;Seafood;570
10670;Austria;Grains/Cereals;288
10670;Austria;Seafood;720
10670;Austria;Beverages;350
10670;Austria;Seafood;750
10670;Austria;Beverages;193,75
10671;Austria;Confections;174,5
10671;Austria;Confections;493
10671;Austria;Condiments;252,6
10672;Belgium;Beverages;3952,5
10672;Belgium;Dairy Products;258
10673;France;Dairy Products;52,35
10673;France;Grains/Cereals;84
10673;France;Condiments;276
10674;Denmark;Grains/Cereals;45
10675;Austria;Produce;697,5
10675;Austria;Meat/Poultry;328
10675;Austria;Seafood;397,5
10676;France;Seafood;62
10676;France;Dairy Products;64,4
10676;France;Condiments;408,45
10677;Belgium;Confections;936,9
10677;Belgium;Dairy Products;20
10678;France;Dairy Products;3800
10678;France;Dairy Products;75
10678;France;Seafood;1158
10678;France;Meat/Poultry;223,5
10679;Belgium;Dairy Products;660
10680;France;Dairy Products;872,5
10680;France;Dairy Products;250
10680;France;Grains/Cereals;560
10681;Denmark;Confections;276
10681;Denmark;Confections;120
10681;Denmark;Grains/Cereals;931
10682;Belgium;Dairy Products;75
10682;Belgium;Condiments;68
10682;Belgium;Beverages;232,5
10683;Austria;Grains/Cereals;63
10684;Denmark;Seafood;368
10684;Denmark;Confections;380
10684;Denmark;Dairy Products;1020
10685;Austria;Seafood;620
10685;Austria;Seafood;38,6
10685;Austria;Confections;142,5
10686;Belgium;Meat/Poultry;1170
10686;Belgium;Confections;468,45
10687;Denmark;Meat/Poultry;4850
10687;Denmark;Meat/Poultry;1237,9
10687;Denmark;Seafood;114
10688;France;Seafood;558
10688;France;Produce;2736
10688;France;Condiments;196
10689;Belgium;Beverages;630
10690;Belarus;Grains/Cereals;760
10690;Belarus;Condiments;390
10691;Spain;Beverages;540
10691;Spain;Meat/Poultry;4951,6
10691;Spain;Beverages;1840
10691;Spain;Condiments;466,8
10691;Spain;Confections;2366,4
10692;Belgium;Condiments;878
10693;France;Meat/Poultry;582
10693;France;Meat/Poultry;447
10693;France;Dairy Products;1080
10693;France;Seafood;225
10694;Spain;Produce;2700
10694;Spain;Dairy Products;1375
10694;Spain;Beverages;750
10695;France;Condiments;400
10695;France;Dairy Products;152
10695;France;Condiments;90
10696;France;Meat/Poultry;780
10696;France;Seafood;216
10697;Denmark;Confections;64,4
10697;Denmark;Beverages;162
10697;Denmark;Seafood;397,5
10697;Denmark;Beverages;450
10698;Belgium;Dairy Products;315
10698;Belgium;Meat/Poultry;312
10698;Belgium;Meat/Poultry;1485,48
10698;Belgium;Condiments;1368,25
10698;Belgium;Beverages;120
10699;Denmark;Confections;114
10700;France;Condiments;90
10700;France;Condiments;168
10700;France;Dairy Products;500
10700;France;Dairy Products;1290
10701;Denmark;Dairy Products;2310
10701;Denmark;Dairy Products;430
10701;Denmark;Beverages;630
10702;Belgium;Condiments;60
10702;Belgium;Beverages;270
10703;Denmark;Beverages;95
10703;Denmark;Dairy Products;1925
10703;Denmark;Seafood;525
10704;France;Condiments;132
10704;France;Condiments;157,5
10704;France;Dairy Products;306
10705;Austria;Dairy Products;250
10705;Austria;Dairy Products;128
10706;France;Dairy Products;349
10706;France;Condiments;1104
10706;France;Dairy Products;440
10707;Belgium;Meat/Poultry;504
10707;Belgium;Grains/Cereals;780
10707;Belgium;Beverages;420
10708;France;Condiments;85,4
10708;France;Seafood;95
10709;Austria;Condiments;1600
10709;Austria;Produce;1484
10709;Austria;Dairy Products;340
10710;Denmark;Confections;46
10710;Denmark;Confections;47,5
10711;France;Dairy Products;110,4
10711;France;Seafood;405,3
10711;France;Meat/Poultry;3936
10712;Denmark;Meat/Poultry;98,4
10712;Denmark;Grains/Cereals;1140
10713;France;Seafood;558
10713;France;Dairy Products;936,9
10713;France;Seafood;1045
10713;France;Seafood;288
10714;France;Condiments;570
10714;France;Meat/Poultry;1053
10714;France;Dairy Products;475
10714;France;Grains/Cereals;684
10714;France;Seafood;159
10715;Belgium;Seafood;651
10715;Belgium;Dairy Products;645
10716;France;Dairy Products;50
10716;France;Produce;371
10716;France;Condiments;285
10717;Austria;Confections;320
10717;Austria;Meat/Poultry;111,75
10717;Austria;Dairy Products;900
10718;Denmark;Dairy Products;1368
10718;Denmark;Confections;349
10718;Denmark;Seafood;760
10718;Denmark;Confections;986
10719;Denmark;Seafood;750
10719;Denmark;Seafood;77,67
10719;Denmark;Meat/Poultry;298
10720;France;Condiments;378
10720;France;Dairy Products;172
10721;Spain;Condiments;972,5
10722;France;Condiments;57
10722;France;Dairy Products;625
10722;France;Dairy Products;562,5
10722;France;Condiments;325,5
10723;France;Dairy Products;468,45
10724;Denmark;Seafood;496
10724;Denmark;Condiments;142,5
10725;Denmark;Seafood;115,8
10725;Denmark;Grains/Cereals;28
10725;Denmark;Meat/Poultry;144
10726;Austria;Condiments;550
10726;Austria;Dairy Products;105
10727;France;Meat/Poultry;780
10727;France;Grains/Cereals;380
10727;France;Dairy Products;550
10728;France;Seafood;388,35
10728;France;Seafood;110,4
10728;France;Meat/Poultry;288
10728;France;Dairy Products;510
10729;Denmark;Beverages;900
10729;Denmark;Confections;300
10729;Denmark;Confections;650
10730;Belgium;Confections;261,75
10730;Belgium;Dairy Products;37,5
10730;Belgium;Condiments;210,5
10731;Belgium;Confections;400
10731;Belgium;Produce;1590
10732;Belgium;Beverages;360
10733;Belgium;Produce;372
10733;Belgium;Produce;912
10733;Belgium;Grains/Cereals;175
10734;Austria;Condiments;750
10734;Austria;Seafood;388,35
10734;Austria;Beverages;360
10735;Denmark;Condiments;570
10735;Denmark;Condiments;26
10736;Denmark;Condiments;842
10736;Denmark;Beverages;155
10737;France;Seafood;24
10737;France;Seafood;115,8
10738;Spain;Confections;52,35
10739;France;Seafood;114
10739;France;Grains/Cereals;126
10740;France;Produce;228
10740;France;Condiments;630
10740;France;Seafood;380
10740;France;Grains/Cereals;532
10741;Belgium;Beverages;285
10742;Belgium;Condiments;200
10742;Belgium;Dairy Products;1700
10742;Belgium;Dairy Products;1218
10743;Belgium;Seafood;336
10744;France;Seafood;920
10745;Spain;Seafood;1500
10745;Spain;Condiments;311,2
10745;Spain;Dairy Products;2475
10745;Spain;Dairy Products;243,6
10746;Belgium;Seafood;36
10746;Belgium;Grains/Cereals;392
10746;Belgium;Confections;443,7
10746;Belgium;Dairy Products;1440
10747;Belgium;Dairy Products;100
10747;Belgium;Seafood;337,75
10747;Belgium;Condiments;395,1
10747;Belgium;Dairy Products;1080
10748;France;Grains/Cereals;396
10748;France;Seafood;736
10748;France;Grains/Cereals;1064
10749;Denmark;Grains/Cereals;570
10749;Denmark;Dairy Products;330
10749;Denmark;Beverages;180
10750;France;Produce;116,25
10750;France;Seafood;380
10750;France;Dairy Products;1375
10751;France;Dairy Products;374,76
10751;France;Seafood;776,7
10751;France;Dairy Products;325
10751;France;Seafood;225
10752;France;Condiments;144
10752;France;Dairy Products;108
10753;Denmark;Seafood;38
10753;Denmark;Produce;50
10754;Denmark;Seafood;55,2
10755;Belgium;Confections;285
10755;Belgium;Grains/Cereals;1140
10755;Belgium;Grains/Cereals;273
10755;Belgium;Dairy Products;900
10756;France;Seafood;1312,5
10756;France;Seafood;380
10756;France;Dairy Products;75
10756;France;Dairy Products;720
10757;France;Condiments;420
10757;France;Dairy Products;385
10757;France;Dairy Products;1479
10757;France;Grains/Cereals;798
10758;France;Dairy Products;624,6
10758;France;Grains/Cereals;420
10758;France;Condiments;600
10759;Spain;Dairy Products;320
10760;Denmark;Confections;168
10760;Denmark;Confections;1756
10760;Denmark;Beverages;1380
10761;Spain;Confections;490
10761;Spain;Beverages;139,5
10762;Denmark;Beverages;288
10762;Denmark;Confections;285
10762;Denmark;Produce;1484
10762;Denmark;Grains/Cereals;2280
10763;Austria;Confections;400
10763;Austria;Grains/Cereals;126
10763;Austria;Beverages;90
10764;Belgium;Condiments;200
10764;Belgium;Beverages;2340
10765;Spain;Condiments;1684
10766;Denmark;Beverages;760
10766;Denmark;Produce;1050
10766;Denmark;Confections;500
10767;France;Grains/Cereals;28
10768;Belgium;Grains/Cereals;84
10768;Belgium;Dairy Products;625
10768;Belgium;Dairy Products;510
10768;Belgium;Dairy Products;258
10769;France;Seafood;289,5
10769;France;Grains/Cereals;105
10769;France;Condiments;570
10769;France;Dairy Products;739,5
10770;Belarus;Dairy Products;315
10771;Belgium;Dairy Products;344
10772;Denmark;Meat/Poultry;2228,22
10772;Denmark;Dairy Products;1375
10773;Belgium;Meat/Poultry;1287
10773;Belgium;Dairy Products;875
10773;Belgium;Beverages;54,25
10774;Denmark;Dairy Products;25
10774;Denmark;Condiments;850
10775;France;Seafood;186
10775;France;Condiments;42
10776;Belgium;Dairy Products;200
10776;Belgium;Grains/Cereals;168
10776;Belgium;Seafood;256,5
10776;Belgium;Produce;6360
10777;Austria;Grains/Cereals;280
10778;Belgium;Seafood;96,5
10779;Denmark;Confections;349
10779;Denmark;Confections;986
10780;Denmark;Beverages;525
10780;Denmark;Condiments;195
10781;France;Meat/Poultry;22,35
10781;France;Grains/Cereals;760
10781;France;Produce;350
10782;Belgium;Dairy Products;12,5
10783;Belarus;Dairy Products;125
10783;Belarus;Beverages;1317,5
10784;Denmark;Seafood;570
10784;Denmark;Beverages;36
10784;Denmark;Dairy Products;1044
10785;Austria;Seafood;310
10785;Austria;Beverages;77,5
10786;France;Condiments;1200
10786;France;Seafood;388,35
10786;France;Condiments;325,5
10787;Spain;Beverages;285
10787;Spain;Meat/Poultry;2475,8
10788;Spain;Confections;460
10788;Spain;Beverages;310
10789;Austria;Seafood;1875
10789;Austria;Beverages;270
10789;Austria;Condiments;1317
10789;Austria;Confections;225
10790;Austria;Produce;90
10790;Austria;Grains/Cereals;760
10791;Austria;Meat/Poultry;1733,06
10791;Austria;Seafood;193
10792;France;Condiments;190
10792;France;Meat/Poultry;22,35
10792;France;Dairy Products;187,5
10793;Belgium;Seafood;135,1
10793;Belgium;Grains/Cereals;56
10794;France;Produce;348,75
10794;France;Meat/Poultry;44,7
10795;Belgium;Confections;1134,25
10795;Belgium;Meat/Poultry;1365
10796;Austria;Confections;655,83
10796;Austria;Condiments;194,5
10796;Austria;Grains/Cereals;1163,75
10796;Austria;Dairy Products;864
10797;Austria;Dairy Products;420
10798;Denmark;Confections;98,6
10798;Denmark;Dairy Products;348
10799;Denmark;Seafood;120
10799;Denmark;Beverages;90
10799;Denmark;Dairy Products;1375
10800;France;Dairy Products;1050
10800;France;Produce;530
10800;France;Meat/Poultry;52,15
10801;France;Meat/Poultry;1560
10801;France;Meat/Poultry;2475,8
10802;France;Seafood;647,25
10802;France;Produce;1590
10802;France;Meat/Poultry;1440
10802;France;Dairy Products;246,5
10803;France;Dairy Products;220,8
10803;France;Dairy Products;210
10803;France;Dairy Products;825
10804;France;Seafood;1116
10804;France;Produce;1094,4
10804;France;Dairy Products;80
10805;France;Condiments;140
10805;France;Condiments;2635
10806;France;Condiments;380
10806;France;Condiments;42,1
10806;France;Produce;150
10807;Denmark;Seafood;18,4
10808;France;Grains/Cereals;760
10808;France;Condiments;900
10809;France;Grains/Cereals;140
10810;Denmark;Seafood;42
10810;Denmark;Confections;70
10810;Denmark;Beverages;75
10811;Denmark;Confections;138
10811;Denmark;Grains/Cereals;162
10811;Denmark;Seafood;552
10812;France;Dairy Products;200
10812;France;Dairy Products;1392
10812;France;Condiments;260
10813;France;Condiments;228
10813;France;Seafood;420
10814;France;Seafood;193
10814;France;Condiments;920
10814;France;Dairy Products;102
10814;France;Condiments;855
10815;France;Dairy Products;40
10816;Denmark;Beverages;7905
10816;Denmark;Confections;986
10817;Denmark;Confections;1249,2
10817;Denmark;Beverages;7905
10817;Denmark;Seafood;1104
10817;Denmark;Confections;1232,5
10818;Denmark;Dairy Products;640
10818;Denmark;Seafood;193
10819;Belgium;Beverages;322
10819;Belgium;Beverages;155
10820;Spain;Grains/Cereals;1140
10821;France;Condiments;360
10821;France;Produce;318
10822;France;Dairy Products;147,9
10822;France;Condiments;90
10823;Denmark;Dairy Products;420
10823;Denmark;Grains/Cereals;292,5
10823;Denmark;Dairy Products;2200
10823;Denmark;Condiments;195
10824;Denmark;Seafood;115,8
10824;Denmark;Beverages;135
10825;Austria;Confections;374,76
10825;Austria;Meat/Poultry;656
10826;Belgium;Dairy Products;437,5
10826;Belgium;Grains/Cereals;292,5
10827;Belgium;Seafood;465
10827;Belgium;Beverages;378
10828;France;Dairy Products;405
10828;France;Condiments;527
10829;Denmark;Beverages;190
10829;Denmark;Condiments;800
10829;Denmark;Seafood;60
10829;Denmark;Dairy Products;714
10830;France;Condiments;150
10830;France;Condiments;504
10830;France;Dairy Products;1020
10830;France;Dairy Products;300
10831;France;Dairy Products;18,4
10831;France;Condiments;144
10831;France;Condiments;2108
10831;France;Condiments;414
10832;Spain;Seafood;18
10832;Spain;Confections;140
10832;Spain;Condiments;311,2
10832;Spain;Grains/Cereals;99,75
10833;Denmark;Produce;600
10833;Denmark;Dairy Products;112,5
10833;Denmark;Meat/Poultry;295,2
10834;France;Meat/Poultry;990,32
10834;France;Seafood;517,8
10835;Belgium;Dairy Products;825
10835;Belgium;Condiments;26
10836;Belgium;Grains/Cereals;1092
10836;Belgium;Beverages;108
10836;Belgium;Grains/Cereals;468
10836;Belgium;Dairy Products;2040
10836;Belgium;Grains/Cereals;997,5
10837;Belgium;Seafood;36
10837;Belgium;Seafood;460
10837;Belgium;Confections;380
10837;Belgium;Beverages;378
10838;Denmark;Beverages;72
10838;Denmark;Seafood;1562,5
10838;Denmark;Seafood;950
10839;France;Seafood;397,5
10839;France;Dairy Products;522
10840;Denmark;Confections;84
10840;Denmark;Beverages;180
10841;France;Seafood;496
10841;France;Grains/Cereals;1140
10841;France;Dairy Products;2750
10841;France;Condiments;195
10842;France;Dairy Products;315
10842;France;Condiments;230
10842;France;Dairy Products;250
10842;France;Condiments;180
10843;France;Produce;212
10844;Belgium;Grains/Cereals;735
10845;Spain;Grains/Cereals;630
10845;Spain;Beverages;450
10845;Spain;Grains/Cereals;588
10845;Spain;Seafood;795
10845;Spain;Grains/Cereals;1596
10846;France;Condiments;462
10846;France;Condiments;450
10846;France;Produce;200
10847;France;Condiments;1440
10847;France;Dairy Products;110,4
10847;France;Seafood;1560
10847;France;Seafood;342
10847;France;Dairy Products;1530
10847;France;Dairy Products;1182,5
10848;Austria;Condiments;640,5
10848;Austria;Meat/Poultry;291
10849;Denmark;Condiments;490
10849;Denmark;Confections;562,14
10850;France;Dairy Products;280
10850;France;Dairy Products;10
10850;France;Condiments;450
10851;France;Condiments;95
10851;France;Dairy Products;140
10851;France;Grains/Cereals;195
10851;France;Dairy Products;2310
10852;Spain;Beverages;285
10852;Spain;Meat/Poultry;234
10852;Spain;Confections;2465
10853;Belgium;Seafood;625
10854;Belgium;Seafood;3100
10854;Belgium;Seafood;390
10855;France;Dairy Products;872,5
10855;France;Dairy Products;175
10855;France;Grains/Cereals;912
10855;France;Condiments;315,75
10856;Belgium;Beverages;380
10856;Belgium;Grains/Cereals;280
10857;Belgium;Condiments;300
10857;Belgium;Confections;1093,05
10857;Belgium;Meat/Poultry;1237,9
10858;Denmark;Produce;150
10858;Denmark;Confections;439
10858;Denmark;Beverages;60
10859;Austria;Beverages;180
10859;Austria;Meat/Poultry;260,75
10859;Austria;Grains/Cereals;997,5
10860;Austria;Produce;159
10860;Austria;Beverages;360
10861;France;Meat/Poultry;1638
10861;France;Seafood;1250
10861;France;Dairy Products;400
10861;France;Dairy Products;87,5
10861;France;Dairy Products;147,9
10862;Denmark;Dairy Products;525
10862;Denmark;Grains/Cereals;56
10863;Austria;Beverages;360
10863;Austria;Seafood;159
10864;Belgium;Beverages;72
10864;Belgium;Beverages;210
10865;Spain;Beverages;15810
10865;Spain;Beverages;1440
10866;Belgium;Beverages;399
10866;Belgium;Beverages;27
10866;Belgium;Seafood;1035,6
10867;Denmark;Meat/Poultry;98,4
10868;France;Dairy Products;624,6
10868;France;Condiments;540
10868;France;Dairy Products;840
10869;France;Condiments;720
10869;France;Dairy Products;210
10869;France;Grains/Cereals;450
10869;France;Dairy Products;250
10870;France;Condiments;54
10870;France;Produce;106
10871;Belgium;Condiments;1250
10871;Belgium;Confections;209,4
10871;Belgium;Meat/Poultry;624
10872;Austria;Meat/Poultry;240
10872;Austria;Confections;986
10872;Austria;Grains/Cereals;498,75
10872;Austria;Condiments;442,05
10873;France;Dairy Products;200
10873;France;Produce;136,8
10874;Austria;Seafood;310
10875;Belgium;Confections;230
10875;Belgium;Confections;199,5
10875;Belgium;Confections;300
10876;Belgium;Seafood;252
10876;Belgium;Grains/Cereals;665
10877;France;Dairy Products;523,5
10877;France;Seafood;1562,5
10878;Spain;Confections;1620
10879;France;Seafood;220,8
10879;France;Condiments;210,5
10879;France;Condiments;180
10880;Denmark;Grains/Cereals;270
10880;Denmark;Condiments;855
10880;Denmark;Beverages;750
10881;Belgium;Seafood;150
10882;France;Grains/Cereals;350
10882;France;Dairy Products;400
10882;France;Meat/Poultry;238,4
10883;Denmark;Beverages;36
10884;Denmark;Confections;400
10884;Denmark;Grains/Cereals;798
10884;Denmark;Condiments;252,6
10885;France;Condiments;380
10885;France;Condiments;54
10885;France;Condiments;450
10885;France;Condiments;325
10886;Belarus;Seafood;2170
10886;Belarus;Dairy Products;437,5
10886;Belarus;Condiments;520
10887;Denmark;Confections;70
10888;Austria;Beverages;380
10888;Austria;Confections;225
10889;Spain;Dairy Products;840
10889;Spain;Beverages;10540
10890;Austria;Meat/Poultry;585
10890;Austria;Beverages;140
10890;Austria;Seafood;135,1
10891;Denmark;Seafood;388,35
10892;Denmark;Dairy Products;2200
10893;Denmark;Condiments;1200
10893;Denmark;Beverages;45
10893;Denmark;Meat/Poultry;2970,96
10893;Denmark;Seafood;906,15
10893;Denmark;Seafood;380
10894;France;Seafood;168
10894;France;Dairy Products;1800
10894;France;Condiments;930
10895;Belgium;Beverages;495
10895;Belgium;Beverages;810
10895;Belgium;Seafood;1674,4
10895;Belgium;Dairy Products;3400
10896;Denmark;Seafood;142,5
10896;Denmark;Grains/Cereals;608
10897;Denmark;Meat/Poultry;9903,2
10897;Denmark;Seafood;932,04
10898;France;Seafood;30
10899;Denmark;Beverages;144
10900;France;Condiments;45
10901;Austria;Seafood;289,5
10901;Austria;Dairy Products;645
10902;Denmark;Meat/Poultry;720
10902;Denmark;Confections;295,8
10903;Belarus;Seafood;240
10903;Belarus;Condiments;442,05
10903;Belarus;Confections;250
10904;France;Seafood;198,75
10904;France;Dairy Products;1725,5
10905;France;Condiments;360
10906;France;Condiments;427,5
10907;Spain;Beverages;108,5
10908;France;Produce;600
10908;France;Grains/Cereals;98
10909;France;Produce;360
10909;France;Dairy Products;261,75
10909;France;Seafood;48,25
10910;France;Dairy Products;110,4
10910;France;Dairy Products;200
10910;France;Condiments;142,5
10911;Austria;Beverages;180
10911;Austria;Meat/Poultry;468
10911;Austria;Beverages;210
10912;Denmark;Dairy Products;840
10912;Denmark;Meat/Poultry;7427,4
10913;France;Condiments;660
10913;France;Dairy Products;100
10913;France;Seafood;198,75
10914;France;Dairy Products;537,5
10915;France;Meat/Poultry;390
10915;France;Dairy Products;75
10915;France;Meat/Poultry;74,5
10916;France;Dairy Products;104,7
10916;France;Dairy Products;192
10916;France;Grains/Cereals;390
10917;France;Seafood;25,89
10917;France;Dairy Products;340
10918;Belgium;Beverages;1080
10918;Belgium;Dairy Products;850
10919;Denmark;Confections;418,8
10919;Denmark;Confections;336
10919;Denmark;Seafood;368
10920;Belgium;Confections;390
10921;France;Condiments;180
10921;France;Condiments;1756
10922;Belarus;Meat/Poultry;585
10922;Belarus;Beverages;157,5
10923;Spain;Grains/Cereals;140
10923;Spain;Beverages;460
10923;Spain;Beverages;336
10924;Belgium;Seafood;620
10924;Belgium;Produce;1368
10924;Belgium;Beverages;46,5
10925;Belarus;Seafood;475
10925;Belarus;Grains/Cereals;84
10926;Spain;Dairy Products;42
10926;Spain;Seafood;60
10926;Spain;Confections;64,4
10926;Spain;Dairy Products;348
10927;Denmark;Confections;405
10927;Denmark;Grains/Cereals;35
10927;Denmark;Beverages;360
10928;Denmark;Confections;47,5
10928;Denmark;Beverages;90
10929;Austria;Confections;600
10929;Austria;Beverages;379,75
10929;Austria;Condiments;195
10930;France;Dairy Products;360
10930;France;Dairy Products;1097,5
10930;France;Meat/Poultry;600
10930;France;Seafood;397,5
10931;France;Seafood;252
10931;France;Grains/Cereals;585
10932;Belgium;Confections;523,5
10932;Belgium;Confections;690,2
10932;Belgium;Dairy Products;556,8
10932;Belgium;Beverages;155
10933;Denmark;Meat/Poultry;65,6
10933;Denmark;Condiments;855
10934;Denmark;Condiments;500
10935;France;Condiments;378
10935;France;Seafood;250
10935;France;Grains/Cereals;72
10936;Denmark;Seafood;570
10937;Belgium;Produce;364,8
10937;Belgium;Beverages;280
10938;Spain;Seafood;120
10938;Spain;Beverages;1104
10938;Spain;Dairy Products;1666
10938;Spain;Dairy Products;752,5
10939;Denmark;Beverages;190
10939;Denmark;Beverages;560
10940;Belgium;Produce;240
10940;Belgium;Seafood;120
10941;France;Dairy Products;550
10941;France;Dairy Products;1479
10941;France;Dairy Products;1000
10941;France;Dairy Products;1740
10942;France;Dairy Products;560
10943;Belgium;Seafood;90
10943;Belgium;Grains/Cereals;441
10943;Belgium;Seafood;180
10944;Belgium;Dairy Products;105
10944;Belgium;Condiments;350,1
10944;Belgium;Grains/Cereals;684
10945;Denmark;Seafood;120
10945;Denmark;Dairy Products;125
10946;France;Seafood;775
10946;France;Condiments;112,5
10946;France;Condiments;520
10947;Belgium;Dairy Products;220
10948;Austria;Confections;146,25
10948;Austria;Produce;2120
10948;Austria;Meat/Poultry;96
10949;Belgium;Condiments;300
10949;Belgium;Seafood;930
10949;Belgium;Meat/Poultry;234
10949;Belgium;Confections;2958
10950;Denmark;Condiments;110
10951;France;Dairy Products;37,5
10951;France;Seafood;57,9
10951;France;Condiments;387,5
10952;Belgium;Condiments;400
10952;Belgium;Produce;91,2
10953;Belgium;Confections;4050
10953;Belgium;Dairy Products;625
10954;Denmark;Confections;488,6
10954;Denmark;Dairy Products;312,5
10954;Denmark;Seafood;285
10954;Denmark;Dairy Products;816
10955;Denmark;Beverages;93
10956;Belgium;Confections;120
10956;Belgium;Confections;133
10956;Belgium;Produce;424
10957;Austria;Seafood;776,7
10957;Austria;Beverages;720
10957;Austria;Grains/Cereals;266
10958;France;Condiments;427
10958;France;Produce;180
10958;France;Dairy Products;174
10959;Austria;Beverages;155
10960;Austria;Beverages;45
10960;Austria;Seafood;231,6
10961;France;Grains/Cereals;42
10961;France;Condiments;1080
10962;Spain;Produce;1350
10962;Spain;Seafood;462
10962;Spain;Meat/Poultry;656
10962;Spain;Dairy Products;324
10962;Spain;Beverages;792
10963;Austria;Dairy Products;68
10964;Spain;Seafood;375
10964;Spain;Beverages;1317,5
10964;Spain;Dairy Products;360
10965;France;Produce;848
10966;Belgium;Seafood;208
10966;Belgium;Grains/Cereals;456
10966;Belgium;Confections;591,6
10967;France;Dairy Products;110,4
10967;France;Dairy Products;800
10968;Belgium;Dairy Products;1140
10968;Belgium;Beverages;135
10968;Belgium;Grains/Cereals;133
10969;Belgium;Seafood;108
10970;France;Grains/Cereals;280
10971;Austria;Meat/Poultry;1733,06
10972;Denmark;Meat/Poultry;234
10972;Denmark;Dairy Products;17,5
10973;Denmark;Confections;156,15
10973;Denmark;Seafood;57,9
10973;Denmark;Beverages;77,5
10974;France;Condiments;439
10975;Belgium;Condiments;640
10975;Belgium;Beverages;77,5
10976;Austria;Produce;912
10977;Denmark;Beverages;540
10977;Denmark;Confections;285
10977;Denmark;Produce;530
10977;Denmark;Condiments;878
10978;Denmark;Condiments;800
10978;Denmark;Confections;400
10978;Denmark;Seafood;184
10978;Denmark;Condiments;116,7
10979;Belgium;Produce;540
10979;Belgium;Dairy Products;760
10979;Belgium;Beverages;360
10979;Belgium;Confections;1317
10979;Belgium;Dairy Products;300
10979;Belgium;Condiments;1536,5
10980;Denmark;Beverages;310
10981;Belarus;Beverages;15810
10982;Belgium;Produce;600
10982;Belgium;Beverages;414
10983;France;Seafood;504
10983;France;Grains/Cereals;292,5
10984;France;Dairy Products;959,75
10984;France;Condiments;90
10984;France;Seafood;760
10985;Denmark;Confections;628,2
10985;Denmark;Seafood;500
10985;Denmark;Dairy Products;1120
10986;France;Dairy Products;630
10986;France;Dairy Products;1215
10986;France;Condiments;180
10986;France;Condiments;195
10987;Austria;Produce;1800
10987;Austria;Beverages;276
10987;Austria;Dairy Products;696
10988;Spain;Produce;1800
10988;Spain;Confections;1972
10989;France;Condiments;1000
10989;France;Dairy Products;315
10989;France;Seafood;38,6
10990;Belgium;Confections;650
10990;Belgium;Beverages;840
10990;Belgium;Meat/Poultry;1560
10990;Belgium;Condiments;1881
10991;Spain;Beverages;950
10991;Spain;Beverages;300
10991;Spain;Beverages;1620
10992;France;Dairy Products;69,6
10993;Denmark;Meat/Poultry;6189,5
10993;Denmark;Seafood;337,75
10994;France;Dairy Products;990
10995;France;Produce;1060
10995;France;Dairy Products;136
10996;Spain;Grains/Cereals;560
10997;Denmark;Dairy Products;1600
10997;Denmark;Seafood;240
10997;Denmark;Grains/Cereals;140
10998;France;Condiments;54
10998;France;Condiments;199,5
10998;France;Produce;200
10998;France;Condiments;232,5
10999;Denmark;Seafood;193
10999;Denmark;Produce;795
10999;Denmark;Condiments;273
11000;Spain;Condiments;550
11000;Spain;Beverages;135
11000;Spain;Condiments;390
11001;Denmark;Produce;1800
11001;Denmark;Grains/Cereals;525
11001;Denmark;Seafood;300
11001;Denmark;Meat/Poultry;144
11002;France;Seafood;336
11002;France;Condiments;270
11002;France;Grains/Cereals;336
11002;France;Meat/Poultry;960
11003;France;Condiments;72
11003;France;Seafood;184
11003;France;Grains/Cereals;70
11004;Denmark;Confections;187,38
11004;Denmark;Beverages;108
11005;France;Condiments;36
11005;France;Dairy Products;550
11006;Denmark;Beverages;144
11006;Denmark;Meat/Poultry;247,58
11007;France;Condiments;1200
11007;France;Meat/Poultry;1237,9
11007;France;Grains/Cereals;196
11008;Belgium;Produce;3192
11008;Belgium;Beverages;1260
11008;Belgium;Dairy Products;451,5
11009;Austria;Beverages;54
11009;Austria;Seafood;342
11009;Austria;Dairy Products;306
11010;France;Produce;600
11010;France;Condiments;45
11011;Belgium;Seafood;530
11011;Belgium;Dairy Products;430
11012;Austria;Confections;460
11012;Austria;Dairy Products;1224
11012;Austria;Dairy Products;1290
11013;France;Grains/Cereals;90
11013;France;Grains/Cereals;56
11013;France;Seafood;190
11013;France;Dairy Products;25
11014;Denmark;Seafood;270,2
11015;France;Seafood;388,35
11015;France;Condiments;234
11016;Belgium;Dairy Products;187,5
11016;Belgium;Seafood;304
11017;Belgium;Condiments;250
11017;Belgium;Dairy Products;6050
11017;Belgium;Beverages;450
11018;Denmark;Dairy Products;760
11018;Denmark;Seafood;625
11018;Denmark;Grains/Cereals;190
11019;France;Seafood;36
11019;France;Dairy Products;40
11020;Denmark;Seafood;744
11021;Spain;Beverages;209
11021;Spain;Confections;1215
11021;Spain;Confections;1967,49
11021;Spain;Produce;2332
11021;Spain;Dairy Products;1218
11022;Belarus;Confections;322
11022;Belarus;Dairy Products;1080
11023;Belgium;Produce;120
11023;Belgium;Beverages;1380
11024;Austria;Confections;374,76
11024;Austria;Dairy Products;75
11024;Austria;Condiments;442,05
11024;Austria;Dairy Products;1075
11025;France;Condiments;180
11025;France;Seafood;120
11026;Denmark;Seafood;500
11026;Denmark;Produce;530
11027;Belgium;Beverages;135
11027;Belgium;Confections;1035,3
11028;Denmark;Meat/Poultry;840
11028;Denmark;Dairy Products;1320
11029;Belgium;Grains/Cereals;760
11029;Belgium;Condiments;526,8
11030;France;Condiments;1900
11030;France;Condiments;1494,5
11030;France;Meat/Poultry;7427,4
11030;France;Dairy Products;5500
11031;France;Condiments;810
11031;France;Seafood;480
11031;France;Condiments;94,5
11031;France;Grains/Cereals;665
11031;France;Dairy Products;344
11032;France;Seafood;665
11032;France;Condiments;6587,5
11032;France;Dairy Products;1650
11033;France;Meat/Poultry;2296
11033;France;Dairy Products;1296
11034;France;Dairy Products;150
11034;France;Condiments;233,4
11034;France;Condiments;171
11035;France;Condiments;180
11035;France;Condiments;1080
11035;France;Grains/Cereals;420
11035;France;Meat/Poultry;74,5
11036;Austria;Seafood;42
11036;Austria;Dairy Products;1650
11037;Austria;Beverages;60
11038;France;Seafood;92
11038;France;Grains/Cereals;14
11038;France;Dairy Products;645
11039;Denmark;Produce;912
11039;Denmark;Beverages;432
11039;Denmark;Confections;1200
11039;Denmark;Grains/Cereals;546
11040;Denmark;Confections;200
11041;Belgium;Beverages;570
11041;Belgium;Condiments;1317
11042;Belgium;Condiments;291,75
11042;Belgium;Condiments;114
11043;Spain;Dairy Products;210
11044;France;Dairy Products;591,6
11045;Belgium;Dairy Products;37,5
11045;Belgium;Produce;1272
11046;France;Dairy Products;760
11046;France;Dairy Products;480
11046;France;Condiments;324
11047;Austria;Beverages;450
11047;Austria;Condiments;640,5
11048;Belgium;Confections;525
11049;Austria;Beverages;190
11049;Austria;Dairy Products;152
11050;Denmark;Beverages;900
11051;Spain;Beverages;45
11052;Belarus;Beverages;1380
11052;Belarus;Condiments;285
11053;Belgium;Seafood;2187,5
11053;Belgium;Dairy Products;640
11053;Belgium;Grains/Cereals;831,25
11054;Belgium;Dairy Products;25
11054;Belgium;Beverages;280
11055;Austria;Beverages;67,5
11055;Austria;Confections;210
11055;Austria;Produce;1060
11055;Austria;Grains/Cereals;390
11056;Austria;Produce;1200
11056;Austria;Meat/Poultry;840
11056;Austria;Dairy Products;1700
11057;France;Condiments;45
11058;Belgium;Confections;30
11058;Belgium;Dairy Products;714
11058;Belgium;Condiments;114
11059;France;Seafood;180
11059;France;Meat/Poultry;468
11059;France;Dairy Products;1190
11060;Denmark;Dairy Products;136
11060;Denmark;Condiments;130
11061;Denmark;Dairy Products;510
11062;France;Meat/Poultry;328
11062;France;Condiments;180
11063;Denmark;Beverages;420
11063;Denmark;Seafood;736
11063;Denmark;Seafood;289,5
11064;France;Meat/Poultry;3003
11064;France;Seafood;115,8
11064;France;Meat/Poultry;820
11064;France;Meat/Poultry;96
11064;France;Dairy Products;687,5
11065;Denmark;Seafood;103,56
11065;Denmark;Meat/Poultry;149
11066;France;Dairy Products;52,35
11066;France;Dairy Products;386,4
11066;France;Condiments;490
11067;Austria;Seafood;86,85
11068;France;Produce;364,8
11068;France;Condiments;1656
11068;France;Condiments;364
11069;France;Condiments;360
11070;Denmark;Beverages;720
11070;Denmark;Beverages;380
11070;Denmark;Confections;523,5
11070;Denmark;Dairy Products;250
11071;Denmark;Produce;450
11071;Denmark;Seafood;60
11072;Belgium;Beverages;152
11072;Belgium;Seafood;386
11072;Belgium;Confections;357,5
11072;Belgium;Grains/Cereals;4322,5
11073;France;Dairy Products;210
11073;France;Condiments;90
11074;France;Dairy Products;244,3
11075;France;Condiments;190
11075;France;Seafood;360
11075;France;Condiments;36
11076;Belgium;Condiments;500
11076;Belgium;Produce;465
11076;Belgium;Confections;92
11077;Spain;Beverages;456
11077;Spain;Condiments;40
11077;Spain;Condiments;22
11077;Spain;Condiments;25
11077;Spain;Produce;30
11077;Spain;Condiments;80
11077;Spain;Seafood;31
11077;Spain;Dairy Products;76
11077;Spain;Seafood;24
11077;Spain;Produce;23,25
11077;Spain;Confections;34,9
11077;Spain;Confections;81
11077;Spain;Grains/Cereals;18
11077;Spain;Dairy Products;32
11077;Spain;Beverages;36
11077;Spain;Seafood;28,95
11077;Spain;Seafood;36
11077;Spain;Grains/Cereals;14
11077;Spain;Meat/Poultry;48
11077;Spain;Dairy Products;68
11077;Spain;Grains/Cereals;66,5
11077;Spain;Condiments;17
11077;Spain;Seafood;30
11077;Spain;Beverages;31
11077;Spain;Condiments;26
