date,value,device,sex,year,day
2016-05-09,1201,tablet,female,2016,Monday
2016-05-10,2329,laptop,male,2016,Tuesday
2016-05-11,1716,mobile,female,2016,Wednesday
2016-05-12,10539,tablet,female,2016,Thursday
2016-05-13,6933,other,female,2016,Friday
2016-05-14,3127,laptop,female,2016,Saturday
2016-05-15,2927,tablet,female,2016,Sunday
2016-05-16,2591,mobile,female,2016,Monday
2016-05-17,3403,laptop,male,2016,Tuesday
2016-05-18,5410,mobile,male,2016,Wednesday
2016-05-19,19736,other,female,2016,Thursday
2016-05-20,17491,other,female,2016,Friday
2016-05-21,13370,mobile,male,2016,Saturday
2016-05-22,13158,tablet,male,2016,Sunday
2016-05-23,13887,laptop,male,2016,Monday
2016-05-24,15336,tablet,female,2016,Tuesday
2016-05-25,14779,tablet,male,2016,Wednesday
2016-05-26,18060,laptop,female,2016,Thursday
2016-05-27,19997,other,male,2016,Friday
2016-05-28,19044,other,female,2016,Saturday
2016-05-29,20325,other,female,2016,Sunday
2016-05-30,16607,other,male,2016,Monday
2016-05-31,16616,other,female,2016,Tuesday
2016-06-01,13007,tablet,female,2016,Wednesday
2016-06-02,10329,other,male,2016,Thursday
2016-06-03,10155,other,female,2016,Friday
2016-06-04,7431,other,female,2016,Saturday
2016-06-05,16031,tablet,male,2016,Sunday
2016-06-06,16621,tablet,female,2016,Monday
2016-06-07,18335,mobile,male,2016,Tuesday
2016-06-08,18072,laptop,male,2016,Wednesday
2016-06-09,18139,tablet,male,2016,Thursday
2016-06-10,17087,tablet,male,2016,Friday
2016-06-11,16098,tablet,female,2016,Saturday
2016-06-12,16147,mobile,male,2016,Sunday
2016-06-13,17570,tablet,female,2016,Monday
2016-06-14,19395,laptop,male,2016,Tuesday
2016-06-15,18584,tablet,female,2016,Wednesday
2016-06-16,17628,laptop,male,2016,Thursday
2016-06-17,21691,laptop,male,2016,Friday
2016-06-18,21681,laptop,male,2016,Saturday
2016-06-19,19204,mobile,male,2016,Sunday
2016-06-20,28508,mobile,female,2016,Monday
2016-06-21,26805,mobile,female,2016,Tuesday
2016-06-22,21424,tablet,female,2016,Wednesday
2016-06-23,19820,other,male,2016,Thursday
2016-06-24,19230,laptop,male,2016,Friday
2016-06-25,21923,tablet,female,2016,Saturday
2016-06-26,22685,tablet,female,2016,Sunday
2016-06-27,24278,other,female,2016,Monday
2016-06-28,21423,laptop,male,2016,Tuesday
2016-06-29,27734,other,male,2016,Wednesday
2016-06-30,26696,mobile,female,2016,Thursday
2016-07-01,28372,other,male,2016,Friday
2016-07-02,26393,laptop,female,2016,Saturday
2016-07-03,27011,tablet,male,2016,Sunday
2016-07-04,24236,tablet,female,2016,Monday
2016-07-05,23843,mobile,male,2016,Tuesday
2016-07-06,24374,other,female,2016,Wednesday
2016-07-07,28507,other,female,2016,Thursday
2016-07-08,31184,laptop,female,2016,Friday
2016-07-09,27404,laptop,male,2016,Saturday
2016-07-10,26079,mobile,female,2016,Sunday
2016-07-11,20339,other,male,2016,Monday
2016-07-12,21510,tablet,female,2016,Tuesday
2016-07-13,20391,mobile,male,2016,Wednesday
2016-07-14,23278,mobile,male,2016,Thursday
2016-07-15,22815,mobile,female,2016,Friday
2016-07-16,20261,other,female,2016,Saturday
2016-07-17,20331,other,male,2016,Sunday
2016-07-18,19703,laptop,female,2016,Monday
2016-07-19,15445,tablet,female,2016,Tuesday
2016-07-20,22046,mobile,female,2016,Wednesday
2016-07-21,27290,tablet,male,2016,Thursday
2016-07-22,28662,laptop,female,2016,Friday
2016-07-23,25053,mobile,male,2016,Saturday
2016-07-24,19733,other,male,2016,Sunday
2016-07-25,25646,other,male,2016,Monday
2016-07-26,19637,mobile,male,2016,Tuesday
2016-07-27,23587,tablet,female,2016,Wednesday
2016-07-28,25719,mobile,male,2016,Thursday
2016-07-29,21667,laptop,female,2016,Friday
2016-07-30,16002,tablet,female,2016,Saturday
2016-07-31,16223,mobile,male,2016,Sunday
2016-08-01,20947,mobile,female,2016,Monday
2016-08-02,20345,mobile,male,2016,Tuesday
2016-08-03,24118,mobile,female,2016,Wednesday
2016-08-04,24951,other,male,2016,Thursday
2016-08-05,27880,tablet,female,2016,Friday
2016-08-06,20900,mobile,male,2016,Saturday
2016-08-07,23536,other,female,2016,Sunday
2016-08-08,24471,mobile,male,2016,Monday
2016-08-09,24828,tablet,female,2016,Tuesday
2016-08-10,31583,laptop,male,2016,Wednesday
2016-08-11,30393,other,female,2016,Thursday
2016-08-12,29488,laptop,male,2016,Friday
2016-08-13,26206,tablet,male,2016,Saturday
2016-08-14,29686,other,male,2016,Sunday
2016-08-15,32229,laptop,male,2016,Monday
2016-08-16,34396,other,male,2016,Tuesday
2016-08-17,43003,laptop,female,2016,Wednesday
2016-08-18,35206,tablet,female,2016,Thursday
2016-08-19,32362,laptop,female,2016,Friday
2016-08-20,37583,other,female,2016,Saturday
2016-08-21,36559,other,female,2016,Sunday
2016-08-22,36701,tablet,female,2016,Monday
2016-08-23,32726,other,female,2016,Tuesday
2016-08-24,29315,mobile,female,2016,Wednesday
2016-08-25,32786,mobile,female,2016,Thursday
2016-08-26,35489,laptop,female,2016,Friday
2016-08-27,36366,tablet,female,2016,Saturday
2016-08-28,33765,mobile,female,2016,Sunday
2016-08-29,36915,tablet,female,2016,Monday
2016-08-30,39619,laptop,male,2016,Tuesday
2016-08-31,38173,mobile,female,2016,Wednesday
2016-09-01,40709,mobile,male,2016,Thursday
2016-09-02,37609,tablet,female,2016,Friday
2016-09-03,30250,tablet,female,2016,Saturday
2016-09-04,36077,tablet,female,2016,Sunday
2016-09-05,35320,other,male,2016,Monday
2016-09-06,39098,other,male,2016,Tuesday
2016-09-07,43401,tablet,male,2016,Wednesday
2016-09-08,40258,mobile,female,2016,Thursday
2016-09-09,44787,other,female,2016,Friday
2016-09-10,44586,tablet,male,2016,Saturday
2016-09-11,39262,mobile,male,2016,Sunday
2016-09-12,42667,mobile,female,2016,Monday
2016-09-13,49746,laptop,male,2016,Tuesday
2016-09-14,43645,mobile,female,2016,Wednesday
2016-09-15,38780,other,female,2016,Thursday
2016-09-16,36125,tablet,male,2016,Friday
2016-09-17,31797,tablet,female,2016,Saturday
2016-09-18,32304,tablet,female,2016,Sunday
2016-09-19,36840,other,male,2016,Monday
2016-09-20,37441,tablet,female,2016,Tuesday
2016-09-21,38492,tablet,male,2016,Wednesday
2016-09-22,38324,laptop,female,2016,Thursday
2016-09-23,44985,mobile,female,2016,Friday
2016-09-24,37708,tablet,female,2016,Saturday
2016-09-25,39081,mobile,female,2016,Sunday
2016-09-26,41089,laptop,male,2016,Monday
2016-09-27,41296,mobile,female,2016,Tuesday
2016-09-28,53158,laptop,male,2016,Wednesday
2016-09-29,70669,tablet,female,2016,Thursday
2016-09-30,58802,other,female,2016,Friday
2016-10-01,49179,tablet,female,2016,Saturday
2016-10-02,44043,other,female,2016,Sunday
2016-10-03,32660,laptop,female,2016,Monday
2016-10-04,41797,mobile,male,2016,Tuesday
2016-10-05,39348,tablet,male,2016,Wednesday
2016-10-06,23874,tablet,male,2016,Thursday
2016-10-07,25963,laptop,female,2016,Friday
2016-10-08,23848,laptop,male,2016,Saturday
2016-10-09,23573,other,male,2016,Sunday
2016-10-10,27459,tablet,male,2016,Monday
2016-10-11,27601,laptop,female,2016,Tuesday
2016-10-12,26521,other,female,2016,Wednesday
2016-10-13,24865,laptop,male,2016,Thursday
2016-10-14,24934,laptop,male,2016,Friday
2016-10-15,20609,other,female,2016,Saturday
2016-10-16,22301,other,male,2016,Sunday
2016-10-17,26623,tablet,male,2016,Monday
2016-10-18,25319,laptop,male,2016,Tuesday
2016-10-19,29076,other,male,2016,Wednesday
2016-10-20,23217,mobile,male,2016,Thursday
2016-10-21,22343,tablet,female,2016,Friday
2016-10-22,19571,other,female,2016,Saturday
2016-10-23,20457,other,male,2016,Sunday
2016-10-24,25670,tablet,female,2016,Monday
2016-10-25,27317,other,male,2016,Tuesday
2016-10-26,26489,tablet,male,2016,Wednesday
2016-10-27,27207,laptop,female,2016,Thursday
2016-10-28,23258,mobile,female,2016,Friday
2016-10-29,22975,tablet,male,2016,Saturday
2016-10-30,24828,tablet,male,2016,Sunday
2016-10-31,26423,other,female,2016,Monday
2016-11-01,25856,other,male,2016,Tuesday
2016-11-02,26565,mobile,male,2016,Wednesday
2016-11-03,30183,mobile,female,2016,Thursday
2016-11-04,28981,other,female,2016,Friday
2016-11-05,25849,other,male,2016,Saturday
2016-11-06,25287,other,female,2016,Sunday
2016-11-07,27790,laptop,female,2016,Monday
2016-11-08,26744,mobile,female,2016,Tuesday
2016-11-09,25489,laptop,female,2016,Wednesday
2016-11-10,117906,laptop,male,2016,Thursday
2016-11-11,159186,tablet,male,2016,Friday
2016-11-12,33775,tablet,male,2016,Saturday
2016-11-13,22762,mobile,female,2016,Sunday
2016-11-14,24449,other,male,2016,Monday
2016-11-15,30817,other,male,2016,Tuesday
2016-11-16,33673,tablet,male,2016,Wednesday
2016-11-17,35712,tablet,male,2016,Thursday
2016-11-18,50298,laptop,male,2016,Friday
2016-11-19,42964,other,male,2016,Saturday
2016-11-20,47789,tablet,male,2016,Sunday
2016-11-21,52663,laptop,male,2016,Monday
2016-11-22,51329,mobile,female,2016,Tuesday
2016-11-23,48490,mobile,male,2016,Wednesday
2016-11-24,46822,other,female,2016,Thursday
2016-11-25,29973,other,male,2016,Friday
2016-11-26,25239,mobile,male,2016,Saturday
2016-11-27,27955,other,female,2016,Sunday
2016-11-28,31749,tablet,female,2016,Monday
2016-11-29,29694,laptop,female,2016,Tuesday
2016-11-30,27470,mobile,male,2016,Wednesday
2016-12-01,32666,tablet,male,2016,Thursday
2016-12-02,36075,other,female,2016,Friday
2016-12-03,31115,tablet,male,2016,Saturday
2016-12-04,23536,tablet,male,2016,Sunday
2016-12-05,25527,other,male,2016,Monday
2016-12-06,28078,tablet,male,2016,Tuesday
2016-12-07,31498,mobile,male,2016,Wednesday
2016-12-08,28919,other,male,2016,Thursday
2016-12-09,27988,laptop,male,2016,Friday
2016-12-10,25698,mobile,female,2016,Saturday
2016-12-11,28806,tablet,male,2016,Sunday
2016-12-12,31131,other,male,2016,Monday
2016-12-13,32777,mobile,female,2016,Tuesday
2016-12-14,32015,tablet,female,2016,Wednesday
2016-12-15,42333,other,female,2016,Thursday
2016-12-16,28715,mobile,female,2016,Friday
2016-12-17,23503,mobile,male,2016,Saturday
2016-12-18,23391,other,male,2016,Sunday
2016-12-19,28247,tablet,male,2016,Monday
2016-12-20,29969,mobile,male,2016,Tuesday
2016-12-21,28531,tablet,female,2016,Wednesday
2016-12-22,29442,tablet,male,2016,Thursday
2016-12-23,24747,mobile,male,2016,Friday
2016-12-24,20227,other,male,2016,Saturday
2016-12-25,19035,tablet,male,2016,Sunday
2016-12-26,23076,tablet,female,2016,Monday
2016-12-27,25138,laptop,male,2016,Tuesday
2016-12-28,28424,other,female,2016,Wednesday
2016-12-29,27197,tablet,male,2016,Thursday
2016-12-30,24804,tablet,male,2016,Friday
2016-12-31,20197,tablet,male,2016,Saturday
2017-01-01,26185,other,female,2017,Sunday
2017-01-02,28560,tablet,female,2017,Monday
2017-01-03,31525,tablet,male,2017,Tuesday
2017-01-04,28955,other,female,2017,Wednesday
2017-01-05,35024,mobile,male,2017,Thursday
2017-01-06,37353,tablet,female,2017,Friday
2017-01-07,33233,mobile,male,2017,Saturday
2017-01-08,30571,laptop,male,2017,Sunday
2017-01-09,32352,laptop,male,2017,Monday
2017-01-10,33550,laptop,female,2017,Tuesday
2017-01-11,35142,other,female,2017,Wednesday
2017-01-12,30960,tablet,female,2017,Thursday
2017-01-13,33266,mobile,male,2017,Friday
2017-01-14,34418,other,female,2017,Saturday
2017-01-15,26987,other,male,2017,Sunday
2017-01-16,37466,laptop,male,2017,Monday
2017-01-17,32119,other,female,2017,Tuesday
2017-01-18,30628,other,male,2017,Wednesday
2017-01-19,32362,tablet,female,2017,Thursday
2017-01-20,30079,tablet,female,2017,Friday
2017-01-21,29555,mobile,female,2017,Saturday
2017-01-22,33041,laptop,male,2017,Sunday
2017-01-23,37958,other,male,2017,Monday
2017-01-24,33083,mobile,female,2017,Tuesday
2017-01-25,31990,tablet,female,2017,Wednesday
2017-01-26,32775,mobile,female,2017,Thursday
2017-01-27,29665,laptop,female,2017,Friday
2017-01-28,28045,other,female,2017,Saturday
2017-01-29,55875,other,female,2017,Sunday
2017-01-30,32284,tablet,male,2017,Monday
2017-01-31,31334,mobile,female,2017,Tuesday
2017-02-01,30124,other,male,2017,Wednesday
2017-02-02,31924,laptop,female,2017,Thursday
2017-02-03,27526,other,male,2017,Friday
2017-02-04,24955,mobile,female,2017,Saturday
2017-02-05,30714,tablet,male,2017,Sunday
2017-02-06,33347,laptop,male,2017,Monday
2017-02-07,37804,other,male,2017,Tuesday
2017-02-08,33664,tablet,female,2017,Wednesday
2017-02-09,36645,mobile,male,2017,Thursday
2017-02-10,29067,laptop,female,2017,Friday
2017-02-11,24300,laptop,male,2017,Saturday
2017-02-12,29004,mobile,male,2017,Sunday
2017-02-13,32764,tablet,female,2017,Monday
2017-02-14,33632,other,male,2017,Tuesday
2017-02-15,30330,mobile,female,2017,Wednesday
2017-02-16,30942,other,male,2017,Thursday
2017-02-17,28747,other,female,2017,Friday
2017-02-18,26708,other,female,2017,Saturday
2017-02-19,26266,other,male,2017,Sunday
2017-02-20,37017,mobile,female,2017,Monday
2017-02-21,32837,laptop,male,2017,Tuesday
2017-02-22,36489,mobile,female,2017,Wednesday
2017-02-23,33894,tablet,male,2017,Thursday
2017-02-24,33952,other,male,2017,Friday
2017-02-25,28785,tablet,male,2017,Saturday
2017-02-26,27813,laptop,female,2017,Sunday
2017-02-27,31283,tablet,female,2017,Monday
2017-02-28,30633,laptop,female,2017,Tuesday
2017-03-01,33258,tablet,female,2017,Wednesday
2017-03-02,29234,other,male,2017,Thursday
2017-03-03,28912,mobile,male,2017,Friday
2017-03-04,23709,mobile,female,2017,Saturday
2017-03-05,23970,other,female,2017,Sunday
2017-03-06,31878,other,male,2017,Monday
2017-03-07,30962,tablet,male,2017,Tuesday
2017-03-08,29290,laptop,male,2017,Wednesday
2017-03-09,28652,mobile,male,2017,Thursday
2017-03-10,27218,tablet,female,2017,Friday
2017-03-11,25319,laptop,female,2017,Saturday
2017-03-12,26416,mobile,male,2017,Sunday
2017-03-13,28475,mobile,female,2017,Monday
2017-03-14,31696,tablet,female,2017,Tuesday
2017-03-15,31997,laptop,female,2017,Wednesday
2017-03-16,30443,tablet,female,2017,Thursday
2017-03-17,28411,mobile,male,2017,Friday
2017-03-18,23845,laptop,male,2017,Saturday
2017-03-19,25132,laptop,male,2017,Sunday
2017-03-20,29705,laptop,female,2017,Monday
2017-03-21,26941,laptop,female,2017,Tuesday
2017-03-22,34204,mobile,female,2017,Wednesday
2017-03-23,31416,mobile,male,2017,Thursday
2017-03-24,30360,mobile,male,2017,Friday
2017-03-25,25596,laptop,male,2017,Saturday
2017-03-26,36487,other,female,2017,Sunday
2017-03-27,35773,laptop,male,2017,Monday
2017-03-28,30866,laptop,female,2017,Tuesday
2017-03-29,29235,tablet,female,2017,Wednesday
2017-03-30,30333,tablet,male,2017,Thursday
2017-03-31,30709,laptop,male,2017,Friday
2017-04-01,23762,laptop,male,2017,Saturday
2017-04-02,24969,tablet,female,2017,Sunday
2017-04-03,33614,laptop,female,2017,Monday
2017-04-04,35923,tablet,female,2017,Tuesday
2017-04-05,31198,other,female,2017,Wednesday
2017-04-06,32455,tablet,female,2017,Thursday
2017-04-07,28156,laptop,male,2017,Friday
2017-04-08,24879,mobile,male,2017,Saturday
2017-04-09,23871,laptop,female,2017,Sunday
2017-04-10,30624,tablet,male,2017,Monday
2017-04-11,33896,tablet,female,2017,Tuesday
2017-04-12,31360,mobile,female,2017,Wednesday
2017-04-13,27592,mobile,female,2017,Thursday
2017-04-14,31720,other,female,2017,Friday
2017-04-15,27999,laptop,male,2017,Saturday
2017-04-16,27037,mobile,female,2017,Sunday
2017-04-17,31801,other,female,2017,Monday
2017-04-18,30731,laptop,female,2017,Tuesday
2017-04-19,56682,other,male,2017,Wednesday
2017-04-20,32813,laptop,male,2017,Thursday
2017-04-21,28301,laptop,male,2017,Friday
2017-04-22,25124,tablet,female,2017,Saturday
2017-04-23,24741,tablet,female,2017,Sunday
2017-04-24,36291,mobile,male,2017,Monday
2017-04-25,32177,mobile,male,2017,Tuesday
2017-04-26,30675,mobile,male,2017,Wednesday
2017-04-27,51977,laptop,male,2017,Thursday
2017-04-28,26987,mobile,female,2017,Friday
2017-04-29,23219,other,female,2017,Saturday
2017-04-30,25788,other,male,2017,Sunday
2017-05-01,30580,tablet,female,2017,Monday
2017-05-02,30175,mobile,male,2017,Tuesday
2017-05-03,29907,tablet,male,2017,Wednesday
2017-05-04,32716,tablet,male,2017,Thursday
2017-05-05,32642,tablet,male,2017,Friday
2017-05-06,28752,mobile,male,2017,Saturday
2017-05-07,25898,laptop,male,2017,Sunday
2017-05-08,39028,other,female,2017,Monday
2017-05-09,46944,tablet,female,2017,Tuesday
2017-05-10,39860,mobile,female,2017,Wednesday
2017-05-11,46743,laptop,male,2017,Thursday
2017-05-12,29197,mobile,female,2017,Friday
2017-05-13,26105,mobile,female,2017,Saturday
2017-05-14,28039,tablet,female,2017,Sunday
2017-05-15,35563,other,female,2017,Monday
2017-05-16,35443,tablet,female,2017,Tuesday
2017-05-17,35114,mobile,male,2017,Wednesday
2017-05-18,37373,laptop,male,2017,Thursday
2017-05-19,31868,other,female,2017,Friday
2017-05-20,30077,laptop,male,2017,Saturday
2017-05-21,25970,tablet,female,2017,Sunday
2017-05-22,32100,laptop,male,2017,Monday
2017-05-23,35395,mobile,female,2017,Tuesday
2017-05-24,39844,mobile,male,2017,Wednesday
2017-05-25,44889,other,female,2017,Thursday
2017-05-26,39374,tablet,female,2017,Friday
2017-05-27,26679,mobile,male,2017,Saturday
2017-05-28,26758,mobile,male,2017,Sunday
2017-05-29,32635,other,female,2017,Monday
2017-05-30,37686,other,male,2017,Tuesday
2017-05-31,48219,laptop,male,2017,Wednesday
2017-06-01,43336,tablet,male,2017,Thursday
2017-06-02,50825,tablet,female,2017,Friday
2017-06-03,44143,mobile,male,2017,Saturday
2017-06-04,44193,mobile,female,2017,Sunday
2017-06-05,56336,tablet,male,2017,Monday
2017-06-06,47989,laptop,female,2017,Tuesday
2017-06-07,47885,other,male,2017,Wednesday
2017-06-08,43983,tablet,female,2017,Thursday
2017-06-09,44776,other,female,2017,Friday
2017-06-10,42018,other,female,2017,Saturday
2017-06-11,34311,tablet,male,2017,Sunday
2017-06-12,39694,mobile,female,2017,Monday
2017-06-13,41098,tablet,male,2017,Tuesday
2017-06-14,38289,tablet,male,2017,Wednesday
2017-06-15,35351,mobile,female,2017,Thursday
2017-06-16,39123,mobile,male,2017,Friday
2017-06-17,40941,tablet,female,2017,Saturday
2017-06-18,33112,laptop,male,2017,Sunday
2017-06-19,38418,tablet,male,2017,Monday
2017-06-20,45829,laptop,female,2017,Tuesday
2017-06-21,42424,tablet,female,2017,Wednesday
2017-06-22,54267,laptop,male,2017,Thursday
2017-06-23,38842,laptop,male,2017,Friday
2017-06-24,40668,tablet,male,2017,Saturday
2017-06-25,46618,laptop,male,2017,Sunday
2017-06-26,43904,other,male,2017,Monday
2017-06-27,46568,mobile,female,2017,Tuesday
2017-06-28,52375,mobile,male,2017,Wednesday
2017-06-29,41553,laptop,female,2017,Thursday
2017-06-30,48456,tablet,female,2017,Friday
2017-07-01,37928,laptop,male,2017,Saturday
2017-07-02,47547,laptop,male,2017,Sunday
2017-07-03,78839,laptop,male,2017,Monday
2017-07-04,82957,laptop,male,2017,Tuesday
2017-07-05,79604,other,female,2017,Wednesday
2017-07-06,70436,tablet,male,2017,Thursday
2017-07-07,55682,other,male,2017,Friday
2017-07-08,47133,tablet,female,2017,Saturday
2017-07-09,52715,laptop,male,2017,Sunday
2017-07-10,60916,tablet,female,2017,Monday
2017-07-11,58470,other,female,2017,Tuesday
2017-07-12,67336,mobile,female,2017,Wednesday
2017-07-13,72532,other,female,2017,Thursday
2017-07-14,78133,laptop,female,2017,Friday
2017-07-15,75974,laptop,male,2017,Saturday
2017-07-16,77304,laptop,female,2017,Sunday
2017-07-17,74115,other,female,2017,Monday
2017-07-18,78235,other,male,2017,Tuesday
2017-07-19,83925,tablet,female,2017,Wednesday
2017-07-20,62996,laptop,female,2017,Thursday
2017-07-21,65973,laptop,male,2017,Friday
2017-07-22,60364,mobile,male,2017,Saturday
2017-07-23,57083,other,female,2017,Sunday
2017-07-24,63076,laptop,female,2017,Monday
2017-07-25,78896,tablet,male,2017,Tuesday
2017-07-26,61290,mobile,male,2017,Wednesday
2017-07-27,68910,other,female,2017,Thursday
2017-07-28,77848,laptop,male,2017,Friday
2017-07-29,57041,other,female,2017,Saturday
2017-07-30,44213,other,male,2017,Sunday
2017-07-31,62541,other,male,2017,Monday
2017-08-01,46685,mobile,male,2017,Tuesday
2017-08-02,51019,mobile,male,2017,Wednesday
2017-08-03,49166,other,male,2017,Thursday
2017-08-04,56280,mobile,female,2017,Friday
2017-08-05,44482,mobile,male,2017,Saturday
2017-08-06,42476,mobile,male,2017,Sunday
2017-08-07,47298,laptop,female,2017,Monday
2017-08-08,47995,mobile,female,2017,Tuesday
2017-08-09,46436,mobile,male,2017,Wednesday
2017-08-10,43221,laptop,female,2017,Thursday
2017-08-11,48098,mobile,male,2017,Friday
2017-08-12,43524,mobile,female,2017,Saturday
2017-08-13,40913,tablet,male,2017,Sunday
2017-08-14,48547,other,female,2017,Monday
2017-08-15,49134,laptop,female,2017,Tuesday
2017-08-16,50398,other,male,2017,Wednesday
2017-08-17,55424,tablet,male,2017,Thursday
2017-08-18,51828,mobile,female,2017,Friday
2017-08-19,41340,mobile,male,2017,Saturday
2017-08-20,45547,other,male,2017,Sunday
2017-08-21,61318,laptop,male,2017,Monday
2017-08-22,54247,tablet,male,2017,Tuesday
2017-08-23,54941,other,female,2017,Wednesday
2017-08-24,38833,laptop,female,2017,Thursday
2017-08-25,37208,mobile,male,2017,Friday
2017-08-26,39073,mobile,female,2017,Saturday
2017-08-27,40359,mobile,female,2017,Sunday
2017-08-28,55006,laptop,male,2017,Monday
2017-08-29,52121,tablet,female,2017,Tuesday
2017-08-30,48375,mobile,male,2017,Wednesday
2017-08-31,47794,laptop,female,2017,Thursday
2017-09-01,47939,tablet,male,2017,Friday
2017-09-02,40430,mobile,female,2017,Saturday
2017-09-03,28497,tablet,female,2017,Sunday
2017-09-04,51281,mobile,female,2017,Monday
2017-09-05,52076,other,male,2017,Tuesday
2017-09-06,53952,other,male,2017,Wednesday
2017-09-07,54945,other,female,2017,Thursday
2017-09-08,48839,mobile,female,2017,Friday
2017-09-09,44404,tablet,female,2017,Saturday
2017-09-10,48150,mobile,female,2017,Sunday
2017-09-11,56383,mobile,female,2017,Monday
2017-09-12,52978,other,male,2017,Tuesday
2017-09-13,52552,mobile,female,2017,Wednesday
2017-09-14,52044,tablet,female,2017,Thursday
2017-09-15,50138,mobile,female,2017,Friday
2017-09-16,42710,mobile,female,2017,Saturday
2017-09-17,42071,tablet,male,2017,Sunday
2017-09-18,58878,tablet,female,2017,Monday
2017-09-19,51861,tablet,male,2017,Tuesday
2017-09-20,51792,laptop,male,2017,Wednesday
2017-09-21,48664,mobile,male,2017,Thursday
2017-09-22,43914,mobile,male,2017,Friday
2017-09-23,39859,other,male,2017,Saturday
2017-09-24,37368,tablet,male,2017,Sunday
2017-09-25,46807,tablet,female,2017,Monday
2017-09-26,50268,other,female,2017,Tuesday
2017-09-27,48480,other,male,2017,Wednesday
2017-09-28,45651,tablet,female,2017,Thursday
2017-09-29,43654,mobile,male,2017,Friday
2017-09-30,34719,tablet,female,2017,Saturday
2017-10-01,38835,other,female,2017,Sunday
2017-10-02,46391,other,male,2017,Monday
2017-10-03,50398,other,female,2017,Tuesday
2017-10-04,50115,tablet,male,2017,Wednesday
2017-10-05,57123,mobile,female,2017,Thursday
2017-10-06,50828,laptop,female,2017,Friday
2017-10-07,40829,tablet,female,2017,Saturday
2017-10-08,39843,other,male,2017,Sunday
2017-10-09,48588,other,male,2017,Monday
2017-10-10,50863,other,female,2017,Tuesday
2017-10-11,46741,laptop,female,2017,Wednesday
2017-10-12,51448,laptop,male,2017,Thursday
2017-10-13,50295,mobile,female,2017,Friday
2017-10-14,42956,mobile,male,2017,Saturday
2017-10-15,39388,mobile,male,2017,Sunday
2017-10-16,48393,mobile,male,2017,Monday
2017-10-17,52093,mobile,male,2017,Tuesday
2017-10-18,50482,mobile,female,2017,Wednesday
2017-10-19,56418,other,male,2017,Thursday
2017-10-20,44474,tablet,female,2017,Friday
2017-10-21,42741,tablet,female,2017,Saturday
2017-10-22,46446,other,male,2017,Sunday
2017-10-23,50884,tablet,male,2017,Monday
2017-10-24,55085,mobile,male,2017,Tuesday
2017-10-25,50914,tablet,male,2017,Wednesday
2017-10-26,48182,mobile,male,2017,Thursday
2017-10-27,46141,other,male,2017,Friday
2017-10-28,39823,other,female,2017,Saturday
2017-10-29,39452,other,male,2017,Sunday
2017-10-30,48468,laptop,female,2017,Monday
2017-10-31,45963,mobile,female,2017,Tuesday
2017-11-01,45771,mobile,male,2017,Wednesday
2017-11-02,54769,tablet,female,2017,Thursday
2017-11-03,54387,other,male,2017,Friday
2017-11-04,43141,mobile,male,2017,Saturday
2017-11-05,43411,laptop,male,2017,Sunday
2017-11-06,55505,mobile,male,2017,Monday
2017-11-07,55343,mobile,female,2017,Tuesday
2017-11-08,49695,tablet,male,2017,Wednesday
2017-11-09,56215,tablet,male,2017,Thursday
2017-11-10,59465,mobile,male,2017,Friday
2017-11-11,41105,laptop,male,2017,Saturday
2017-11-12,53562,other,female,2017,Sunday
2017-11-13,56598,laptop,male,2017,Monday
2017-11-14,58650,mobile,male,2017,Tuesday
2017-11-15,57976,tablet,male,2017,Wednesday
2017-11-16,61562,mobile,female,2017,Thursday
2017-11-17,54098,other,female,2017,Friday
2017-11-18,45065,other,male,2017,Saturday
2017-11-19,48547,tablet,female,2017,Sunday
2017-11-20,55367,other,female,2017,Monday
2017-11-21,56693,laptop,male,2017,Tuesday
2017-11-22,136744,laptop,female,2017,Wednesday
2017-11-23,113149,mobile,female,2017,Thursday
2017-11-24,59697,laptop,female,2017,Friday
2017-11-25,42161,other,male,2017,Saturday
2017-11-26,45100,other,female,2017,Sunday
2017-11-27,55855,tablet,female,2017,Monday
2017-11-28,54324,other,male,2017,Tuesday
2017-11-29,56843,laptop,female,2017,Wednesday
2017-11-30,60249,laptop,female,2017,Thursday
2017-12-01,58830,laptop,male,2017,Friday
2017-12-02,34791,tablet,female,2017,Saturday
2017-12-03,34841,tablet,male,2017,Sunday
2017-12-04,52880,mobile,male,2017,Monday
2017-12-05,60788,tablet,male,2017,Tuesday
2017-12-06,60358,mobile,male,2017,Wednesday
2017-12-07,55929,tablet,male,2017,Thursday
2017-12-08,44714,other,male,2017,Friday
2017-12-09,41348,other,female,2017,Saturday
2017-12-10,40424,tablet,male,2017,Sunday
2017-12-11,53151,laptop,male,2017,Monday
2017-12-12,51780,tablet,female,2017,Tuesday
2017-12-13,57092,mobile,female,2017,Wednesday
2017-12-14,48394,mobile,female,2017,Thursday
2017-12-15,46097,tablet,male,2017,Friday
2017-12-16,48136,mobile,female,2017,Saturday
2017-12-17,37655,mobile,female,2017,Sunday
2017-12-18,49015,tablet,male,2017,Monday
2017-12-19,55850,other,female,2017,Tuesday
2017-12-20,48414,mobile,female,2017,Wednesday
2017-12-21,51137,tablet,female,2017,Thursday
2017-12-22,45127,other,male,2017,Friday
2017-12-23,34257,tablet,male,2017,Saturday
2017-12-24,36708,mobile,female,2017,Sunday
2017-12-25,49542,other,female,2017,Monday
2017-12-26,44083,laptop,female,2017,Tuesday
2017-12-27,43075,mobile,female,2017,Wednesday
2017-12-28,51018,tablet,male,2017,Thursday
2017-12-29,72819,mobile,female,2017,Friday
2017-12-30,50169,laptop,female,2017,Saturday
2017-12-31,42616,mobile,female,2017,Sunday
2018-01-01,41810,tablet,female,2018,Monday
2018-01-02,51362,laptop,male,2018,Tuesday
2018-01-03,56013,tablet,female,2018,Wednesday
2018-01-04,58910,other,female,2018,Thursday
2018-01-05,58239,other,male,2018,Friday
2018-01-06,41870,laptop,female,2018,Saturday
2018-01-07,42981,laptop,female,2018,Sunday
2018-01-08,62887,mobile,female,2018,Monday
2018-01-09,60260,mobile,male,2018,Tuesday
2018-01-10,106349,other,female,2018,Wednesday
2018-01-11,77030,other,male,2018,Thursday
2018-01-12,53781,laptop,male,2018,Friday
2018-01-13,42621,other,female,2018,Saturday
2018-01-14,43990,tablet,male,2018,Sunday
2018-01-15,59119,mobile,male,2018,Monday
2018-01-16,63272,other,male,2018,Tuesday
2018-01-17,60159,tablet,male,2018,Wednesday
2018-01-18,64068,mobile,male,2018,Thursday
2018-01-19,61345,mobile,male,2018,Friday
2018-01-20,50553,other,male,2018,Saturday
2018-01-21,46436,laptop,female,2018,Sunday
2018-01-22,63084,laptop,male,2018,Monday
2018-01-23,62758,other,female,2018,Tuesday
2018-01-24,61700,other,female,2018,Wednesday
2018-01-25,65438,other,male,2018,Thursday
2018-01-26,56792,laptop,female,2018,Friday
2018-01-27,48186,laptop,male,2018,Saturday
2018-01-28,49485,laptop,female,2018,Sunday
2018-01-29,66609,laptop,male,2018,Monday
2018-01-30,77144,mobile,male,2018,Tuesday
2018-01-31,61732,other,female,2018,Wednesday
2018-02-01,65803,mobile,female,2018,Thursday
2018-02-02,59272,laptop,female,2018,Friday
2018-02-03,45779,other,male,2018,Saturday
2018-02-04,29872,tablet,male,2018,Sunday
2018-02-05,76073,tablet,male,2018,Monday
2018-02-06,77059,mobile,male,2018,Tuesday
2018-02-07,74939,tablet,female,2018,Wednesday
2018-02-08,75397,tablet,female,2018,Thursday
2018-02-09,71514,tablet,male,2018,Friday
2018-02-10,51208,other,female,2018,Saturday
2018-02-11,52371,other,female,2018,Sunday
2018-02-12,76738,other,female,2018,Monday
2018-02-13,74967,mobile,male,2018,Tuesday
2018-02-14,66850,laptop,male,2018,Wednesday
2018-02-15,70090,other,female,2018,Thursday
2018-02-16,68310,laptop,female,2018,Friday
2018-02-17,56257,tablet,male,2018,Saturday
2018-02-18,53798,other,female,2018,Sunday
2018-02-19,67406,tablet,male,2018,Monday
2018-02-20,72493,other,male,2018,Tuesday
2018-02-21,82716,laptop,male,2018,Wednesday
2018-02-22,84685,laptop,male,2018,Thursday
2018-02-23,68160,mobile,male,2018,Friday
2018-02-24,51002,mobile,male,2018,Saturday
2018-02-25,50945,other,female,2018,Sunday
2018-02-26,69180,mobile,female,2018,Monday
2018-02-27,75783,mobile,female,2018,Tuesday
2018-02-28,70345,laptop,male,2018,Wednesday
2018-03-01,66423,mobile,female,2018,Thursday
2018-03-02,62627,tablet,male,2018,Friday
2018-03-03,48492,tablet,male,2018,Saturday
2018-03-04,53712,laptop,male,2018,Sunday
2018-03-05,65506,mobile,female,2018,Monday
2018-03-06,88644,laptop,male,2018,Tuesday
2018-03-07,76008,other,male,2018,Wednesday
2018-03-08,67376,tablet,male,2018,Thursday
2018-03-09,63935,tablet,female,2018,Friday
2018-03-10,52913,other,male,2018,Saturday
2018-03-11,49759,tablet,male,2018,Sunday
2018-03-12,66045,tablet,male,2018,Monday
2018-03-13,70428,laptop,male,2018,Tuesday
2018-03-14,66001,mobile,female,2018,Wednesday
2018-03-15,66800,laptop,male,2018,Thursday
2018-03-16,60562,other,female,2018,Friday
2018-03-17,48609,laptop,female,2018,Saturday
2018-03-18,48808,laptop,female,2018,Sunday
2018-03-19,64044,mobile,female,2018,Monday
2018-03-20,65209,other,male,2018,Tuesday
2018-03-21,68532,laptop,female,2018,Wednesday
2018-03-22,71059,mobile,male,2018,Thursday
2018-03-23,65798,tablet,female,2018,Friday
2018-03-24,48873,mobile,male,2018,Saturday
2018-03-25,51219,mobile,female,2018,Sunday
2018-03-26,68186,tablet,female,2018,Monday
2018-03-27,70345,laptop,female,2018,Tuesday
2018-03-28,68748,other,male,2018,Wednesday
2018-03-29,68853,tablet,male,2018,Thursday
2018-03-30,58890,other,female,2018,Friday
2018-03-31,51103,tablet,female,2018,Saturday
2018-04-01,56224,other,male,2018,Sunday
2018-04-02,66957,laptop,female,2018,Monday
2018-04-03,70500,mobile,male,2018,Tuesday
2018-04-04,71217,other,female,2018,Wednesday
2018-04-05,71640,other,male,2018,Thursday
2018-04-06,65494,tablet,female,2018,Friday
2018-04-07,52642,other,male,2018,Saturday
2018-04-08,49394,tablet,male,2018,Sunday
2018-04-09,67122,tablet,male,2018,Monday
2018-04-10,67930,mobile,male,2018,Tuesday
2018-04-11,66601,laptop,male,2018,Wednesday
2018-04-12,88232,other,male,2018,Thursday
2018-04-13,65620,tablet,female,2018,Friday
2018-04-14,46493,tablet,male,2018,Saturday
2018-04-15,50303,laptop,female,2018,Sunday
2018-04-16,70225,tablet,female,2018,Monday
2018-04-17,70814,mobile,female,2018,Tuesday
2018-04-18,67661,laptop,male,2018,Wednesday
2018-04-19,65526,tablet,female,2018,Thursday
2018-04-20,68599,tablet,male,2018,Friday
2018-04-21,53931,other,male,2018,Saturday
2018-04-22,53319,other,male,2018,Sunday
2018-04-23,68490,tablet,female,2018,Monday
2018-04-24,68477,other,male,2018,Tuesday
2018-04-25,68962,tablet,male,2018,Wednesday
2018-04-26,64760,tablet,female,2018,Thursday
2018-04-27,56276,laptop,female,2018,Friday
2018-04-28,42883,laptop,female,2018,Saturday
2018-04-29,42861,mobile,male,2018,Sunday
2018-04-30,51372,laptop,male,2018,Monday
2018-05-01,56905,laptop,female,2018,Tuesday
2018-05-02,56834,other,male,2018,Wednesday
2018-05-03,64835,laptop,male,2018,Thursday
2018-05-04,56420,tablet,male,2018,Friday
2018-05-05,44898,laptop,male,2018,Saturday
2018-05-06,43602,other,male,2018,Sunday
2018-05-07,55713,mobile,female,2018,Monday
2018-05-08,57836,tablet,female,2018,Tuesday
2018-05-09,54817,laptop,female,2018,Wednesday
2018-05-10,65517,tablet,female,2018,Thursday
2018-05-11,59600,other,female,2018,Friday
2018-05-12,40878,laptop,female,2018,Saturday
2018-05-13,46586,tablet,female,2018,Sunday
2018-05-14,55193,other,male,2018,Monday
2018-05-15,59453,laptop,female,2018,Tuesday
2018-05-16,56362,other,male,2018,Wednesday
2018-05-17,58871,other,female,2018,Thursday
2018-05-18,59496,other,male,2018,Friday
2018-05-19,44562,mobile,female,2018,Saturday
2018-05-20,48197,laptop,female,2018,Sunday
2018-05-21,57575,mobile,female,2018,Monday
2018-05-22,59419,other,female,2018,Tuesday
2018-05-23,63881,other,male,2018,Wednesday
2018-05-24,72924,other,female,2018,Thursday
2018-05-25,49617,other,female,2018,Friday
2018-05-26,42533,laptop,male,2018,Saturday
2018-05-27,43357,laptop,female,2018,Sunday
2018-05-28,53397,laptop,male,2018,Monday
2018-05-29,58201,tablet,male,2018,Tuesday
2018-05-30,69592,mobile,male,2018,Wednesday
2018-05-31,96378,other,female,2018,Thursday
2018-06-01,72946,mobile,male,2018,Friday
2018-06-02,58104,tablet,male,2018,Saturday
2018-06-03,56734,tablet,female,2018,Sunday
2018-06-04,74785,tablet,male,2018,Monday
2018-06-05,130604,tablet,male,2018,Tuesday
2018-06-06,70775,other,male,2018,Wednesday
2018-06-07,69192,other,female,2018,Thursday
2018-06-08,64313,laptop,female,2018,Friday
2018-06-09,56129,mobile,male,2018,Saturday
2018-06-10,60222,laptop,female,2018,Sunday
2018-06-11,71665,mobile,female,2018,Monday
2018-06-12,72167,other,male,2018,Tuesday
2018-06-13,70514,other,male,2018,Wednesday
2018-06-14,68685,tablet,female,2018,Thursday
2018-06-15,58703,tablet,male,2018,Friday
2018-06-16,50098,laptop,female,2018,Saturday
2018-06-17,52736,laptop,male,2018,Sunday
2018-06-18,80955,tablet,male,2018,Monday
2018-06-19,77413,laptop,female,2018,Tuesday
2018-06-20,83183,mobile,female,2018,Wednesday
2018-06-21,81671,mobile,female,2018,Thursday
2018-06-22,66745,laptop,female,2018,Friday
2018-06-23,72015,laptop,female,2018,Saturday
2018-06-24,68024,other,male,2018,Sunday
2018-06-25,80403,mobile,male,2018,Monday
2018-06-26,81573,other,female,2018,Tuesday
2018-06-27,69363,tablet,female,2018,Wednesday
2018-06-28,63678,tablet,female,2018,Thursday
2018-06-29,66111,other,female,2018,Friday
2018-06-30,54004,mobile,female,2018,Saturday
2018-07-01,44552,tablet,female,2018,Sunday
2018-07-02,61693,laptop,female,2018,Monday
2018-07-03,65394,other,male,2018,Tuesday
2018-07-04,63630,laptop,male,2018,Wednesday
2018-07-05,74420,mobile,female,2018,Thursday
2018-07-06,62313,other,female,2018,Friday
2018-07-07,54111,laptop,male,2018,Saturday
2018-07-08,51703,other,male,2018,Sunday
2018-07-09,62304,other,female,2018,Monday
2018-07-10,90831,other,male,2018,Tuesday
2018-07-11,71342,other,female,2018,Wednesday
2018-07-12,64328,other,male,2018,Thursday
2018-07-13,60919,laptop,male,2018,Friday
2018-07-14,49131,mobile,male,2018,Saturday
2018-07-15,50575,laptop,male,2018,Sunday
2018-07-16,63715,mobile,male,2018,Monday
2018-07-17,71926,other,male,2018,Tuesday
2018-07-18,65871,other,female,2018,Wednesday
2018-07-19,63196,laptop,male,2018,Thursday
2018-07-20,64881,laptop,male,2018,Friday
2018-07-21,54481,tablet,female,2018,Saturday
2018-07-22,54784,other,male,2018,Sunday
2018-07-23,70218,mobile,male,2018,Monday
2018-07-24,73937,laptop,male,2018,Tuesday
2018-07-25,95611,mobile,female,2018,Wednesday
2018-07-26,96264,tablet,male,2018,Thursday
2018-07-27,57272,other,male,2018,Friday
2018-07-28,44523,mobile,male,2018,Saturday
2018-07-29,44070,laptop,male,2018,Sunday
2018-07-30,60989,other,male,2018,Monday
2018-07-31,62339,mobile,male,2018,Tuesday
2018-08-01,63520,mobile,female,2018,Wednesday
2018-08-02,63268,laptop,male,2018,Thursday
2018-08-03,62227,laptop,female,2018,Friday
2018-08-04,46947,laptop,male,2018,Saturday
2018-08-05,42650,mobile,male,2018,Sunday
2018-08-06,63159,other,male,2018,Monday
2018-08-07,67216,laptop,female,2018,Tuesday
2018-08-08,72890,tablet,female,2018,Wednesday
2018-08-09,71460,other,female,2018,Thursday
2018-08-10,71279,mobile,female,2018,Friday
2018-08-11,55241,other,female,2018,Saturday
2018-08-12,52774,other,male,2018,Sunday
2018-08-13,66145,other,female,2018,Monday
2018-08-14,66222,laptop,male,2018,Tuesday
2018-08-15,67895,mobile,female,2018,Wednesday
2018-08-16,61577,tablet,male,2018,Thursday
2018-08-17,59822,mobile,female,2018,Friday
2018-08-18,52645,tablet,male,2018,Saturday
2018-08-19,58069,laptop,male,2018,Sunday
2018-08-20,71289,other,female,2018,Monday
2018-08-21,68729,other,male,2018,Tuesday
2018-08-22,67580,mobile,male,2018,Wednesday
2018-08-23,66574,laptop,male,2018,Thursday
2018-08-24,62847,tablet,female,2018,Friday
2018-08-25,51910,other,male,2018,Saturday
2018-08-26,49398,tablet,female,2018,Sunday
2018-08-27,63821,tablet,male,2018,Monday
2018-08-28,63969,laptop,male,2018,Tuesday
2018-08-29,63573,mobile,male,2018,Wednesday
2018-08-30,75250,tablet,female,2018,Thursday
2018-08-31,77834,other,female,2018,Friday
2018-09-01,47114,tablet,male,2018,Saturday
2018-09-02,46875,mobile,female,2018,Sunday
2018-09-03,67138,laptop,male,2018,Monday
2018-09-04,72182,mobile,male,2018,Tuesday
2018-09-05,76418,other,female,2018,Wednesday
2018-09-06,79476,laptop,female,2018,Thursday
2018-09-07,78279,tablet,male,2018,Friday
2018-09-08,72950,other,female,2018,Saturday
2018-09-09,56988,laptop,female,2018,Sunday
2018-09-10,79179,laptop,female,2018,Monday
2018-09-11,88013,other,male,2018,Tuesday
2018-09-12,73528,laptop,male,2018,Wednesday
2018-09-13,77145,laptop,male,2018,Thursday
2018-09-14,66614,tablet,female,2018,Friday
2018-09-15,56505,laptop,male,2018,Saturday
2018-09-16,50128,other,male,2018,Sunday
2018-09-17,64325,mobile,male,2018,Monday
2018-09-18,68692,mobile,male,2018,Tuesday
2018-09-19,71498,mobile,male,2018,Wednesday
2018-09-20,68598,other,female,2018,Thursday
2018-09-21,68987,other,male,2018,Friday
2018-09-22,50512,tablet,female,2018,Saturday
2018-09-23,56152,other,female,2018,Sunday
2018-09-24,70468,mobile,female,2018,Monday
2018-09-25,64054,other,male,2018,Tuesday
2018-09-26,69501,laptop,female,2018,Wednesday
2018-09-27,67876,laptop,male,2018,Thursday
2018-09-28,72233,laptop,male,2018,Friday
2018-09-29,52292,mobile,male,2018,Saturday
2018-09-30,44532,tablet,female,2018,Sunday
2018-10-01,25830,tablet,female,2018,Monday
2018-10-02,10099,mobile,female,2018,Tuesday
2018-10-03,62166,mobile,male,2018,Wednesday
2018-10-04,83869,laptop,female,2018,Thursday
2018-10-05,86759,other,female,2018,Friday
2018-10-06,59515,tablet,male,2018,Saturday
2018-10-07,87863,mobile,female,2018,Sunday
2018-10-08,120741,other,male,2018,Monday
2018-10-09,131815,mobile,female,2018,Tuesday
2018-10-10,153341,laptop,female,2018,Wednesday
2018-10-11,163758,mobile,male,2018,Thursday
2018-10-12,176175,mobile,male,2018,Friday
2018-10-13,168644,mobile,female,2018,Saturday
2018-10-14,184018,mobile,female,2018,Sunday
2018-10-15,174639,mobile,male,2018,Monday
2018-10-16,177647,other,female,2018,Tuesday
2018-10-17,169915,mobile,female,2018,Wednesday
2018-10-18,155078,mobile,female,2018,Thursday
2018-10-19,149940,laptop,female,2018,Friday
2018-10-20,92549,laptop,female,2018,Saturday
2018-10-21,80661,mobile,female,2018,Sunday
2018-10-22,80458,other,female,2018,Monday
2018-10-23,105987,other,female,2018,Tuesday
2018-10-24,138476,mobile,male,2018,Wednesday
2018-10-25,140264,tablet,female,2018,Thursday
2018-10-26,100213,other,female,2018,Friday
2018-10-27,65391,tablet,male,2018,Saturday
2018-10-28,61406,mobile,male,2018,Sunday
2018-10-29,76625,other,female,2018,Monday
2018-10-30,97815,mobile,male,2018,Tuesday
2018-10-31,108695,tablet,female,2018,Wednesday
2018-11-01,85861,other,male,2018,Thursday
2018-11-02,73794,other,female,2018,Friday
2018-11-03,62830,laptop,female,2018,Saturday
2018-11-04,62538,laptop,male,2018,Sunday
2018-11-05,79117,other,male,2018,Monday
2018-11-06,83775,tablet,male,2018,Tuesday
2018-11-07,84770,tablet,male,2018,Wednesday
2018-11-08,105849,tablet,female,2018,Thursday
2018-11-09,76395,tablet,female,2018,Friday
2018-11-10,64975,tablet,male,2018,Saturday
2018-11-11,58481,tablet,female,2018,Sunday
2018-11-12,80567,laptop,male,2018,Monday
2018-11-13,91368,other,male,2018,Tuesday
2018-11-14,90488,laptop,male,2018,Wednesday
2018-11-15,76911,laptop,female,2018,Thursday
2018-11-16,80870,other,male,2018,Friday
2018-11-17,61170,other,male,2018,Saturday
2018-11-18,66269,tablet,female,2018,Sunday
2018-11-19,92083,other,male,2018,Monday
2018-11-20,90130,tablet,female,2018,Tuesday
2018-11-21,77632,laptop,male,2018,Wednesday
2018-11-22,78076,laptop,female,2018,Thursday
2018-11-23,75398,other,female,2018,Friday
2018-11-24,64116,other,female,2018,Saturday
2018-11-25,62559,laptop,female,2018,Sunday
2018-11-26,77084,other,female,2018,Monday
2018-11-27,93864,tablet,female,2018,Tuesday
2018-11-28,88667,laptop,male,2018,Wednesday
2018-11-29,92368,mobile,female,2018,Thursday
2018-11-30,82645,tablet,male,2018,Friday
2018-12-01,62373,laptop,male,2018,Saturday
2018-12-02,73710,tablet,male,2018,Sunday
2018-12-03,96254,laptop,female,2018,Monday
2018-12-04,96984,laptop,female,2018,Tuesday
2018-12-05,96559,mobile,female,2018,Wednesday
2018-12-06,89751,laptop,female,2018,Thursday
2018-12-07,86705,tablet,male,2018,Friday
2018-12-08,72606,laptop,male,2018,Saturday
2018-12-09,70190,other,female,2018,Sunday
2018-12-10,74469,tablet,male,2018,Monday
2018-12-11,81153,laptop,female,2018,Tuesday
2018-12-12,83163,other,female,2018,Wednesday
2018-12-13,89445,mobile,female,2018,Thursday
2018-12-14,83384,tablet,female,2018,Friday
2018-12-15,79467,laptop,female,2018,Saturday
2018-12-16,77869,mobile,female,2018,Sunday
2018-12-17,98436,mobile,male,2018,Monday
2018-12-18,96231,other,male,2018,Tuesday
2018-12-19,92070,other,male,2018,Wednesday
2018-12-20,90449,laptop,male,2018,Thursday
2018-12-21,85083,tablet,female,2018,Friday
2018-12-22,70392,other,female,2018,Saturday
2018-12-23,69765,laptop,female,2018,Sunday
2018-12-24,69618,other,female,2018,Monday
2018-12-25,74671,other,female,2018,Tuesday
2018-12-26,76754,other,female,2018,Wednesday
2018-12-27,80703,other,male,2018,Thursday
2018-12-28,73629,tablet,female,2018,Friday
2018-12-29,66282,other,male,2018,Saturday
2018-12-30,62826,other,male,2018,Sunday
2018-12-31,60481,tablet,female,2018,Monday
2019-01-01,58508,tablet,female,2019,Tuesday
2019-01-02,109708,other,male,2019,Wednesday
2019-01-03,100710,other,female,2019,Thursday
2019-01-04,94514,other,male,2019,Friday
2019-01-05,77897,other,female,2019,Saturday
2019-01-06,94108,mobile,female,2019,Sunday
2019-01-07,94715,tablet,female,2019,Monday
2019-01-08,105928,laptop,male,2019,Tuesday
2019-01-09,106576,mobile,male,2019,Wednesday
2019-01-10,111328,mobile,female,2019,Thursday
2019-01-11,120991,laptop,female,2019,Friday
2019-01-12,110775,mobile,female,2019,Saturday
2019-01-13,97243,tablet,female,2019,Sunday
2019-01-14,114139,mobile,female,2019,Monday
2019-01-15,112172,tablet,male,2019,Tuesday
2019-01-16,113433,other,male,2019,Wednesday
2019-01-17,105912,other,male,2019,Thursday
2019-01-18,106513,laptop,female,2019,Friday
2019-01-19,79858,laptop,female,2019,Saturday
2019-01-20,78679,other,female,2019,Sunday
2019-01-21,103240,laptop,male,2019,Monday
2019-01-22,106126,other,female,2019,Tuesday
2019-01-23,119710,other,female,2019,Wednesday
2019-01-24,114541,other,female,2019,Thursday
2019-01-25,119836,mobile,female,2019,Friday
2019-01-26,78342,mobile,male,2019,Saturday
2019-01-27,86596,tablet,male,2019,Sunday
2019-01-28,111784,mobile,female,2019,Monday
2019-01-29,107881,mobile,female,2019,Tuesday
2019-01-30,106844,other,male,2019,Wednesday
2019-01-31,115145,laptop,female,2019,Thursday
2019-02-01,99156,other,male,2019,Friday
2019-02-02,71654,mobile,male,2019,Saturday
2019-02-03,104287,mobile,male,2019,Sunday
2019-02-04,97713,laptop,male,2019,Monday
2019-02-05,107855,laptop,male,2019,Tuesday
2019-02-06,120854,other,female,2019,Wednesday
2019-02-07,107973,other,male,2019,Thursday
2019-02-08,101730,laptop,male,2019,Friday
2019-02-09,118356,laptop,male,2019,Saturday
2019-02-10,78137,tablet,male,2019,Sunday
2019-02-11,113240,laptop,male,2019,Monday
2019-02-12,118410,laptop,female,2019,Tuesday
2019-02-13,122283,mobile,male,2019,Wednesday
2019-02-14,134772,other,male,2019,Thursday
2019-02-15,123318,mobile,female,2019,Friday
2019-02-16,111750,mobile,male,2019,Saturday
2019-02-17,98067,tablet,male,2019,Sunday
2019-02-18,112632,laptop,male,2019,Monday
2019-02-19,106237,laptop,female,2019,Tuesday
2019-02-20,120747,tablet,female,2019,Wednesday
2019-02-21,114251,tablet,male,2019,Thursday
2019-02-22,102341,tablet,female,2019,Friday
2019-02-23,86657,tablet,male,2019,Saturday
2019-02-24,81696,mobile,female,2019,Sunday
2019-02-25,99292,laptop,male,2019,Monday
2019-02-26,108135,tablet,female,2019,Tuesday
2019-02-27,102492,mobile,male,2019,Wednesday
2019-02-28,103079,mobile,female,2019,Thursday
2019-03-01,92662,mobile,male,2019,Friday
2019-03-02,75072,mobile,male,2019,Saturday
2019-03-03,76810,mobile,male,2019,Sunday
2019-03-04,104991,other,male,2019,Monday
2019-03-05,113300,laptop,female,2019,Tuesday
2019-03-06,99434,mobile,male,2019,Wednesday
2019-03-07,96024,laptop,male,2019,Thursday
2019-03-08,91932,other,female,2019,Friday
2019-03-09,65607,other,male,2019,Saturday
2019-03-10,68218,mobile,male,2019,Sunday
2019-03-11,100407,laptop,male,2019,Monday
2019-03-12,92674,tablet,female,2019,Tuesday
2019-03-13,97029,tablet,female,2019,Wednesday
2019-03-14,107248,mobile,female,2019,Thursday
2019-03-15,102519,laptop,male,2019,Friday
2019-03-16,80095,mobile,female,2019,Saturday
2019-03-17,66368,tablet,male,2019,Sunday
2019-03-18,101569,tablet,male,2019,Monday
2019-03-19,98515,other,male,2019,Tuesday
2019-03-20,95566,other,male,2019,Wednesday
2019-03-21,83454,laptop,female,2019,Thursday
2019-03-22,92856,mobile,male,2019,Friday
2019-03-23,59222,laptop,female,2019,Saturday
2019-03-24,64835,laptop,female,2019,Sunday
2019-03-25,94751,other,female,2019,Monday
2019-03-26,106366,laptop,female,2019,Tuesday
2019-03-27,97418,tablet,female,2019,Wednesday
2019-03-28,113353,mobile,female,2019,Thursday
2019-03-29,134753,laptop,female,2019,Friday
2019-03-30,83480,tablet,female,2019,Saturday
2019-03-31,71121,other,male,2019,Sunday
2019-04-01,98719,laptop,female,2019,Monday
2019-04-02,93282,other,male,2019,Tuesday
2019-04-03,98107,other,female,2019,Wednesday
2019-04-04,112045,laptop,female,2019,Thursday
2019-04-05,110418,mobile,female,2019,Friday
2019-04-06,80815,tablet,male,2019,Saturday
2019-04-07,64028,laptop,female,2019,Sunday
2019-04-08,89370,tablet,female,2019,Monday
2019-04-09,92505,other,female,2019,Tuesday
2019-04-10,92153,tablet,male,2019,Wednesday
2019-04-11,97584,mobile,male,2019,Thursday
2019-04-12,92058,tablet,male,2019,Friday
2019-04-13,93224,other,male,2019,Saturday
2019-04-14,75554,mobile,female,2019,Sunday
2019-04-15,92015,laptop,male,2019,Monday
2019-04-16,98066,other,female,2019,Tuesday
2019-04-17,100099,tablet,female,2019,Wednesday
2019-04-18,86821,laptop,female,2019,Thursday
2019-04-19,73030,tablet,female,2019,Friday
2019-04-20,131100,other,male,2019,Saturday
2019-04-21,75644,laptop,female,2019,Sunday
2019-04-22,81984,tablet,female,2019,Monday
2019-04-23,97791,mobile,male,2019,Tuesday
2019-04-24,91681,other,male,2019,Wednesday
2019-04-25,87451,mobile,female,2019,Thursday
2019-04-26,79416,other,male,2019,Friday
2019-04-27,61038,laptop,male,2019,Saturday
2019-04-28,57724,laptop,female,2019,Sunday
2019-04-29,80832,mobile,female,2019,Monday
2019-04-30,96499,laptop,female,2019,Tuesday
2019-05-01,91566,other,female,2019,Wednesday
2019-05-02,105923,laptop,male,2019,Thursday
2019-05-03,100673,mobile,female,2019,Friday
2019-05-04,62282,mobile,female,2019,Saturday
2019-05-05,86542,laptop,male,2019,Sunday
2019-05-06,83274,other,male,2019,Monday
2019-05-07,85039,tablet,female,2019,Tuesday
2019-05-08,92181,other,female,2019,Wednesday
2019-05-09,91506,mobile,male,2019,Thursday
2019-05-10,86823,other,male,2019,Friday
2019-05-11,89641,mobile,female,2019,Saturday
2019-05-12,65338,laptop,male,2019,Sunday
2019-05-13,90475,mobile,female,2019,Monday
2019-05-14,106162,laptop,male,2019,Tuesday
2019-05-15,104193,other,female,2019,Wednesday
2019-05-16,94579,tablet,female,2019,Thursday
2019-05-17,101725,other,male,2019,Friday
2019-05-18,86865,other,female,2019,Saturday
2019-05-19,101164,laptop,male,2019,Sunday
2019-05-20,92125,other,male,2019,Monday
2019-05-21,93848,laptop,male,2019,Tuesday
2019-05-22,106702,other,male,2019,Wednesday
2019-05-23,86054,mobile,male,2019,Thursday
2019-05-24,83585,tablet,male,2019,Friday
2019-05-25,67210,mobile,female,2019,Saturday
2019-05-26,67965,tablet,female,2019,Sunday
2019-05-27,106559,other,male,2019,Monday
2019-05-28,99094,other,male,2019,Tuesday
2019-05-29,100021,tablet,female,2019,Wednesday
2019-05-30,102705,mobile,female,2019,Thursday
2019-05-31,102818,other,male,2019,Friday
2019-06-01,71713,mobile,male,2019,Saturday
2019-06-02,80399,laptop,female,2019,Sunday
2019-06-03,102453,mobile,male,2019,Monday
2019-06-04,106321,laptop,female,2019,Tuesday
2019-06-05,102191,other,male,2019,Wednesday
2019-06-06,106048,tablet,male,2019,Thursday
2019-06-07,104623,mobile,female,2019,Friday
2019-06-08,61504,tablet,female,2019,Saturday
2019-06-09,75791,laptop,male,2019,Sunday
2019-06-10,98910,mobile,female,2019,Monday
2019-06-11,102190,other,male,2019,Tuesday
2019-06-12,107613,other,male,2019,Wednesday
2019-06-13,99938,tablet,male,2019,Thursday
2019-06-14,81671,laptop,female,2019,Friday
2019-06-15,63355,mobile,female,2019,Saturday
2019-06-16,69442,laptop,female,2019,Sunday
2019-06-17,1173655,tablet,female,2019,Monday
2019-06-18,1166225,laptop,male,2019,Tuesday
2019-06-19,102231,laptop,male,2019,Wednesday
2019-06-20,105359,laptop,male,2019,Thursday
2019-06-21,101275,laptop,female,2019,Friday
2019-06-22,72492,laptop,female,2019,Saturday
2019-06-23,83188,laptop,female,2019,Sunday
2019-06-24,107207,mobile,male,2019,Monday
2019-06-25,107039,laptop,male,2019,Tuesday
2019-06-26,95900,laptop,male,2019,Wednesday
2019-06-27,107290,other,male,2019,Thursday
2019-06-28,87190,laptop,female,2019,Friday
2019-06-29,63622,laptop,female,2019,Saturday
2019-06-30,65243,mobile,female,2019,Sunday
2019-07-01,97699,other,female,2019,Monday
2019-07-02,97183,tablet,female,2019,Tuesday
2019-07-03,91528,tablet,male,2019,Wednesday
2019-07-04,87225,laptop,female,2019,Thursday
2019-07-05,131213,tablet,female,2019,Friday
2019-07-06,66995,tablet,female,2019,Saturday
2019-07-07,71811,tablet,female,2019,Sunday
2019-07-08,97352,mobile,female,2019,Monday
2019-07-09,117078,mobile,female,2019,Tuesday
2019-07-10,207841,tablet,male,2019,Wednesday
2019-07-11,111793,other,female,2019,Thursday
2019-07-12,112038,tablet,female,2019,Friday
2019-07-13,70150,mobile,female,2019,Saturday
2019-07-14,68169,tablet,male,2019,Sunday
2019-07-15,107960,mobile,female,2019,Monday
2019-07-16,107007,tablet,female,2019,Tuesday
2019-07-17,129677,tablet,female,2019,Wednesday
2019-07-18,127187,mobile,female,2019,Thursday
2019-07-19,102631,laptop,male,2019,Friday
2019-07-20,75436,tablet,female,2019,Saturday
2019-07-21,70848,other,male,2019,Sunday
2019-07-22,107960,laptop,female,2019,Monday
2019-07-23,110464,mobile,male,2019,Tuesday
2019-07-24,121716,other,male,2019,Wednesday
2019-07-25,100948,tablet,female,2019,Thursday
2019-07-26,91195,tablet,male,2019,Friday
2019-07-27,68741,tablet,male,2019,Saturday
2019-07-28,70696,mobile,female,2019,Sunday
2019-07-29,100947,tablet,male,2019,Monday
2019-07-30,104442,mobile,female,2019,Tuesday
2019-07-31,99008,mobile,male,2019,Wednesday
2019-08-01,103424,mobile,male,2019,Thursday
2019-08-02,93270,other,female,2019,Friday
2019-08-03,151671,mobile,male,2019,Saturday
2019-08-04,145731,laptop,female,2019,Sunday
2019-08-05,105386,tablet,male,2019,Monday
2019-08-06,337325,laptop,female,2019,Tuesday
2019-08-07,341595,laptop,male,2019,Wednesday
2019-08-08,99495,mobile,male,2019,Thursday
2019-08-09,93534,laptop,male,2019,Friday
2019-08-10,65534,laptop,female,2019,Saturday
2019-08-11,62891,laptop,male,2019,Sunday
2019-08-12,87424,tablet,male,2019,Monday
2019-08-13,100304,tablet,male,2019,Tuesday
2019-08-14,105699,tablet,male,2019,Wednesday
2019-08-15,85475,tablet,female,2019,Thursday
2019-08-16,96934,laptop,male,2019,Friday
2019-08-17,55069,tablet,female,2019,Saturday
2019-08-18,84197,other,female,2019,Sunday
2019-08-19,119860,tablet,male,2019,Monday
2019-08-20,114539,laptop,male,2019,Tuesday
2019-08-21,118384,mobile,female,2019,Wednesday
2019-08-22,140928,tablet,male,2019,Thursday
2019-08-23,103203,laptop,female,2019,Friday
2019-08-24,80988,laptop,female,2019,Saturday
2019-08-25,80635,laptop,female,2019,Sunday
2019-08-26,130151,tablet,female,2019,Monday
2019-08-27,122564,other,male,2019,Tuesday
2019-08-28,116142,tablet,male,2019,Wednesday
2019-08-29,94855,mobile,female,2019,Thursday
2019-08-30,98117,mobile,female,2019,Friday
2019-08-31,122398,other,male,2019,Saturday
2019-09-01,69977,mobile,male,2019,Sunday
2019-09-02,85331,tablet,female,2019,Monday
2019-09-03,102896,tablet,male,2019,Tuesday
2019-09-04,106868,mobile,male,2019,Wednesday
2019-09-05,102307,mobile,female,2019,Thursday
2019-09-06,91461,tablet,female,2019,Friday
2019-09-07,61628,laptop,male,2019,Saturday
2019-09-08,98955,tablet,male,2019,Sunday
2019-09-09,174212,mobile,male,2019,Monday
2019-09-10,95371,tablet,male,2019,Tuesday
2019-09-11,97140,laptop,female,2019,Wednesday
2019-09-12,101739,laptop,female,2019,Thursday
2019-09-13,91749,other,male,2019,Friday
2019-09-14,65897,mobile,female,2019,Saturday
2019-09-15,66924,laptop,female,2019,Sunday
2019-09-16,93719,tablet,female,2019,Monday
2019-09-17,116171,other,male,2019,Tuesday
2019-09-18,106662,mobile,female,2019,Wednesday
2019-09-19,106773,other,male,2019,Thursday
2019-09-20,91165,tablet,male,2019,Friday
2019-09-21,61998,tablet,male,2019,Saturday
2019-09-22,63127,laptop,female,2019,Sunday
2019-09-23,105193,mobile,male,2019,Monday
2019-09-24,106773,laptop,female,2019,Tuesday
2019-09-25,130091,tablet,male,2019,Wednesday
2019-09-26,146917,tablet,male,2019,Thursday
2019-09-27,105245,mobile,male,2019,Friday
2019-09-28,71045,mobile,female,2019,Saturday
2019-09-29,93493,other,male,2019,Sunday
2019-09-30,107238,mobile,male,2019,Monday
2019-10-01,107202,other,male,2019,Tuesday
2019-10-02,99416,mobile,male,2019,Wednesday
2019-10-03,98737,other,female,2019,Thursday
2019-10-04,91873,tablet,male,2019,Friday
2019-10-05,78400,tablet,male,2019,Saturday
2019-10-06,76252,other,female,2019,Sunday
2019-10-07,114746,mobile,female,2019,Monday
2019-10-08,121411,mobile,male,2019,Tuesday
2019-10-09,121069,laptop,female,2019,Wednesday
2019-10-10,129971,laptop,female,2019,Thursday
2019-10-11,157475,laptop,male,2019,Friday
2019-10-12,147056,laptop,male,2019,Saturday
2019-10-13,116148,laptop,female,2019,Sunday
2019-10-14,118108,mobile,male,2019,Monday
2019-10-15,131170,other,female,2019,Tuesday
2019-10-16,185784,laptop,female,2019,Wednesday
2019-10-17,169663,mobile,female,2019,Thursday
2019-10-18,160650,tablet,male,2019,Friday
2019-10-19,116900,mobile,female,2019,Saturday
2019-10-20,120460,mobile,male,2019,Sunday
2019-10-21,208036,tablet,female,2019,Monday
2019-10-22,229870,tablet,male,2019,Tuesday
2019-10-23,273708,other,female,2019,Wednesday
2019-10-24,255178,mobile,male,2019,Thursday
2019-10-25,176921,mobile,female,2019,Friday
2019-10-26,118564,other,male,2019,Saturday
2019-10-27,129458,tablet,female,2019,Sunday
2019-10-28,209661,tablet,female,2019,Monday
2019-10-29,211967,mobile,female,2019,Tuesday
2019-10-30,210925,tablet,female,2019,Wednesday
2019-10-31,189965,tablet,female,2019,Thursday
2019-11-01,168513,mobile,male,2019,Friday
2019-11-02,118347,mobile,female,2019,Saturday
2019-11-03,130118,mobile,male,2019,Sunday
2019-11-04,201791,other,male,2019,Monday
2019-11-05,208234,tablet,female,2019,Tuesday
2019-11-06,194616,tablet,male,2019,Wednesday
2019-11-07,200462,laptop,male,2019,Thursday
2019-11-08,177588,laptop,female,2019,Friday
2019-11-09,115642,tablet,female,2019,Saturday
2019-11-10,117717,tablet,male,2019,Sunday
2019-11-11,212058,laptop,male,2019,Monday
2019-11-12,206488,other,female,2019,Tuesday
2019-11-13,195023,tablet,female,2019,Wednesday
2019-11-14,196477,tablet,male,2019,Thursday
2019-11-15,314101,tablet,female,2019,Friday
2019-11-16,125634,other,male,2019,Saturday
2019-11-17,131639,other,female,2019,Sunday
2019-11-18,221181,tablet,female,2019,Monday
2019-11-19,221555,other,female,2019,Tuesday
2019-11-20,151733,tablet,male,2019,Wednesday
2019-11-21,169121,mobile,female,2019,Thursday
2019-11-22,204015,laptop,female,2019,Friday
2019-11-23,146658,other,female,2019,Saturday
2019-11-24,138875,laptop,male,2019,Sunday
2019-11-25,219608,mobile,female,2019,Monday
2019-11-26,220590,tablet,female,2019,Tuesday
2019-11-27,208223,laptop,male,2019,Wednesday
2019-11-28,202049,mobile,male,2019,Thursday
2019-11-29,171584,mobile,female,2019,Friday
2019-11-30,141161,tablet,female,2019,Saturday
2019-12-01,142918,laptop,male,2019,Sunday
2019-12-02,220144,tablet,male,2019,Monday
2019-12-03,158549,laptop,male,2019,Tuesday
