date;value;device;sex;year;day
09.05.2016 00:00;1201;tablet;female;2016;Monday
10.05.2016 00:00;2329;laptop;male;2016;Tuesday
11.05.2016 00:00;1716;mobile;female;2016;Wednesday
12.05.2016 00:00;10539;tablet;female;2016;Thursday
13.05.2016 00:00;6933;other;female;2016;Friday
14.05.2016 00:00;3127;laptop;female;2016;Saturday
15.05.2016 00:00;2927;tablet;female;2016;Sunday
16.05.2016 00:00;2591;mobile;female;2016;Monday
17.05.2016 00:00;3403;laptop;male;2016;Tuesday
18.05.2016 00:00;5410;mobile;male;2016;Wednesday
19.05.2016 00:00;19736;other;female;2016;Thursday
20.05.2016 00:00;17491;other;female;2016;Friday
21.05.2016 00:00;13370;mobile;male;2016;Saturday
22.05.2016 00:00;13158;tablet;male;2016;Sunday
23.05.2016 00:00;13887;laptop;male;2016;Monday
24.05.2016 00:00;15336;tablet;female;2016;Tuesday
25.05.2016 00:00;14779;tablet;male;2016;Wednesday
26.05.2016 00:00;18060;laptop;female;2016;Thursday
27.05.2016 00:00;19997;other;male;2016;Friday
28.05.2016 00:00;19044;other;female;2016;Saturday
29.05.2016 00:00;20325;other;female;2016;Sunday
30.05.2016 00:00;16607;other;male;2016;Monday
31.05.2016 00:00;16616;other;female;2016;Tuesday
01.06.2016 00:00;13007;tablet;female;2016;Wednesday
02.06.2016 00:00;10329;other;male;2016;Thursday
03.06.2016 00:00;10155;other;female;2016;Friday
04.06.2016 00:00;7431;other;female;2016;Saturday
05.06.2016 00:00;16031;tablet;male;2016;Sunday
06.06.2016 00:00;16621;tablet;female;2016;Monday
07.06.2016 00:00;18335;mobile;male;2016;Tuesday
08.06.2016 00:00;18072;laptop;male;2016;Wednesday
09.06.2016 00:00;18139;tablet;male;2016;Thursday
10.06.2016 00:00;17087;tablet;male;2016;Friday
11.06.2016 00:00;16098;tablet;female;2016;Saturday
12.06.2016 00:00;16147;mobile;male;2016;Sunday
13.06.2016 00:00;17570;tablet;female;2016;Monday
14.06.2016 00:00;19395;laptop;male;2016;Tuesday
15.06.2016 00:00;18584;tablet;female;2016;Wednesday
16.06.2016 00:00;17628;laptop;male;2016;Thursday
17.06.2016 00:00;21691;laptop;male;2016;Friday
18.06.2016 00:00;21681;laptop;male;2016;Saturday
19.06.2016 00:00;19204;mobile;male;2016;Sunday
20.06.2016 00:00;28508;mobile;female;2016;Monday
21.06.2016 00:00;26805;mobile;female;2016;Tuesday
22.06.2016 00:00;21424;tablet;female;2016;Wednesday
23.06.2016 00:00;19820;other;male;2016;Thursday
24.06.2016 00:00;19230;laptop;male;2016;Friday
25.06.2016 00:00;21923;tablet;female;2016;Saturday
26.06.2016 00:00;22685;tablet;female;2016;Sunday
27.06.2016 00:00;24278;other;female;2016;Monday
28.06.2016 00:00;21423;laptop;male;2016;Tuesday
29.06.2016 00:00;27734;other;male;2016;Wednesday
30.06.2016 00:00;26696;mobile;female;2016;Thursday
01.07.2016 00:00;28372;other;male;2016;Friday
02.07.2016 00:00;26393;laptop;female;2016;Saturday
03.07.2016 00:00;27011;tablet;male;2016;Sunday
04.07.2016 00:00;24236;tablet;female;2016;Monday
05.07.2016 00:00;23843;mobile;male;2016;Tuesday
06.07.2016 00:00;24374;other;female;2016;Wednesday
07.07.2016 00:00;28507;other;female;2016;Thursday
08.07.2016 00:00;31184;laptop;female;2016;Friday
09.07.2016 00:00;27404;laptop;male;2016;Saturday
10.07.2016 00:00;26079;mobile;female;2016;Sunday
11.07.2016 00:00;20339;other;male;2016;Monday
12.07.2016 00:00;21510;tablet;female;2016;Tuesday
13.07.2016 00:00;20391;mobile;male;2016;Wednesday
14.07.2016 00:00;23278;mobile;male;2016;Thursday
15.07.2016 00:00;22815;mobile;female;2016;Friday
16.07.2016 00:00;20261;other;female;2016;Saturday
17.07.2016 00:00;20331;other;male;2016;Sunday
18.07.2016 00:00;19703;laptop;female;2016;Monday
19.07.2016 00:00;15445;tablet;female;2016;Tuesday
20.07.2016 00:00;22046;mobile;female;2016;Wednesday
21.07.2016 00:00;27290;tablet;male;2016;Thursday
22.07.2016 00:00;28662;laptop;female;2016;Friday
23.07.2016 00:00;25053;mobile;male;2016;Saturday
24.07.2016 00:00;19733;other;male;2016;Sunday
25.07.2016 00:00;25646;other;male;2016;Monday
26.07.2016 00:00;19637;mobile;male;2016;Tuesday
27.07.2016 00:00;23587;tablet;female;2016;Wednesday
28.07.2016 00:00;25719;mobile;male;2016;Thursday
29.07.2016 00:00;21667;laptop;female;2016;Friday
30.07.2016 00:00;16002;tablet;female;2016;Saturday
31.07.2016 00:00;16223;mobile;male;2016;Sunday
01.08.2016 00:00;20947;mobile;female;2016;Monday
02.08.2016 00:00;20345;mobile;male;2016;Tuesday
03.08.2016 00:00;24118;mobile;female;2016;Wednesday
04.08.2016 00:00;24951;other;male;2016;Thursday
05.08.2016 00:00;27880;tablet;female;2016;Friday
06.08.2016 00:00;20900;mobile;male;2016;Saturday
07.08.2016 00:00;23536;other;female;2016;Sunday
08.08.2016 00:00;24471;mobile;male;2016;Monday
09.08.2016 00:00;24828;tablet;female;2016;Tuesday
10.08.2016 00:00;31583;laptop;male;2016;Wednesday
11.08.2016 00:00;30393;other;female;2016;Thursday
12.08.2016 00:00;29488;laptop;male;2016;Friday
13.08.2016 00:00;26206;tablet;male;2016;Saturday
14.08.2016 00:00;29686;other;male;2016;Sunday
15.08.2016 00:00;32229;laptop;male;2016;Monday
16.08.2016 00:00;34396;other;male;2016;Tuesday
17.08.2016 00:00;43003;laptop;female;2016;Wednesday
18.08.2016 00:00;35206;tablet;female;2016;Thursday
19.08.2016 00:00;32362;laptop;female;2016;Friday
20.08.2016 00:00;37583;other;female;2016;Saturday
21.08.2016 00:00;36559;other;female;2016;Sunday
22.08.2016 00:00;36701;tablet;female;2016;Monday
23.08.2016 00:00;32726;other;female;2016;Tuesday
24.08.2016 00:00;29315;mobile;female;2016;Wednesday
25.08.2016 00:00;32786;mobile;female;2016;Thursday
26.08.2016 00:00;35489;laptop;female;2016;Friday
27.08.2016 00:00;36366;tablet;female;2016;Saturday
28.08.2016 00:00;33765;mobile;female;2016;Sunday
29.08.2016 00:00;36915;tablet;female;2016;Monday
30.08.2016 00:00;39619;laptop;male;2016;Tuesday
31.08.2016 00:00;38173;mobile;female;2016;Wednesday
01.09.2016 00:00;40709;mobile;male;2016;Thursday
02.09.2016 00:00;37609;tablet;female;2016;Friday
03.09.2016 00:00;30250;tablet;female;2016;Saturday
04.09.2016 00:00;36077;tablet;female;2016;Sunday
05.09.2016 00:00;35320;other;male;2016;Monday
06.09.2016 00:00;39098;other;male;2016;Tuesday
07.09.2016 00:00;43401;tablet;male;2016;Wednesday
08.09.2016 00:00;40258;mobile;female;2016;Thursday
09.09.2016 00:00;44787;other;female;2016;Friday
10.09.2016 00:00;44586;tablet;male;2016;Saturday
11.09.2016 00:00;39262;mobile;male;2016;Sunday
12.09.2016 00:00;42667;mobile;female;2016;Monday
13.09.2016 00:00;49746;laptop;male;2016;Tuesday
14.09.2016 00:00;43645;mobile;female;2016;Wednesday
15.09.2016 00:00;38780;other;female;2016;Thursday
16.09.2016 00:00;36125;tablet;male;2016;Friday
17.09.2016 00:00;31797;tablet;female;2016;Saturday
18.09.2016 00:00;32304;tablet;female;2016;Sunday
19.09.2016 00:00;36840;other;male;2016;Monday
20.09.2016 00:00;37441;tablet;female;2016;Tuesday
21.09.2016 00:00;38492;tablet;male;2016;Wednesday
22.09.2016 00:00;38324;laptop;female;2016;Thursday
23.09.2016 00:00;44985;mobile;female;2016;Friday
24.09.2016 00:00;37708;tablet;female;2016;Saturday
25.09.2016 00:00;39081;mobile;female;2016;Sunday
26.09.2016 00:00;41089;laptop;male;2016;Monday
27.09.2016 00:00;41296;mobile;female;2016;Tuesday
28.09.2016 00:00;53158;laptop;male;2016;Wednesday
29.09.2016 00:00;70669;tablet;female;2016;Thursday
30.09.2016 00:00;58802;other;female;2016;Friday
01.10.2016 00:00;49179;tablet;female;2016;Saturday
02.10.2016 00:00;44043;other;female;2016;Sunday
03.10.2016 00:00;32660;laptop;female;2016;Monday
04.10.2016 00:00;41797;mobile;male;2016;Tuesday
05.10.2016 00:00;39348;tablet;male;2016;Wednesday
06.10.2016 00:00;23874;tablet;male;2016;Thursday
07.10.2016 00:00;25963;laptop;female;2016;Friday
08.10.2016 00:00;23848;laptop;male;2016;Saturday
09.10.2016 00:00;23573;other;male;2016;Sunday
10.10.2016 00:00;27459;tablet;male;2016;Monday
11.10.2016 00:00;27601;laptop;female;2016;Tuesday
12.10.2016 00:00;26521;other;female;2016;Wednesday
13.10.2016 00:00;24865;laptop;male;2016;Thursday
14.10.2016 00:00;24934;laptop;male;2016;Friday
15.10.2016 00:00;20609;other;female;2016;Saturday
16.10.2016 00:00;22301;other;male;2016;Sunday
17.10.2016 00:00;26623;tablet;male;2016;Monday
18.10.2016 00:00;25319;laptop;male;2016;Tuesday
19.10.2016 00:00;29076;other;male;2016;Wednesday
20.10.2016 00:00;23217;mobile;male;2016;Thursday
21.10.2016 00:00;22343;tablet;female;2016;Friday
22.10.2016 00:00;19571;other;female;2016;Saturday
23.10.2016 00:00;20457;other;male;2016;Sunday
24.10.2016 00:00;25670;tablet;female;2016;Monday
25.10.2016 00:00;27317;other;male;2016;Tuesday
26.10.2016 00:00;26489;tablet;male;2016;Wednesday
27.10.2016 00:00;27207;laptop;female;2016;Thursday
28.10.2016 00:00;23258;mobile;female;2016;Friday
29.10.2016 00:00;22975;tablet;male;2016;Saturday
30.10.2016 00:00;24828;tablet;male;2016;Sunday
31.10.2016 00:00;26423;other;female;2016;Monday
01.11.2016 00:00;25856;other;male;2016;Tuesday
02.11.2016 00:00;26565;mobile;male;2016;Wednesday
03.11.2016 00:00;30183;mobile;female;2016;Thursday
04.11.2016 00:00;28981;other;female;2016;Friday
05.11.2016 00:00;25849;other;male;2016;Saturday
06.11.2016 00:00;25287;other;female;2016;Sunday
07.11.2016 00:00;27790;laptop;female;2016;Monday
08.11.2016 00:00;26744;mobile;female;2016;Tuesday
09.11.2016 00:00;25489;laptop;female;2016;Wednesday
10.11.2016 00:00;117906;laptop;male;2016;Thursday
11.11.2016 00:00;159186;tablet;male;2016;Friday
12.11.2016 00:00;33775;tablet;male;2016;Saturday
13.11.2016 00:00;22762;mobile;female;2016;Sunday
14.11.2016 00:00;24449;other;male;2016;Monday
15.11.2016 00:00;30817;other;male;2016;Tuesday
16.11.2016 00:00;33673;tablet;male;2016;Wednesday
17.11.2016 00:00;35712;tablet;male;2016;Thursday
18.11.2016 00:00;50298;laptop;male;2016;Friday
19.11.2016 00:00;42964;other;male;2016;Saturday
20.11.2016 00:00;47789;tablet;male;2016;Sunday
21.11.2016 00:00;52663;laptop;male;2016;Monday
22.11.2016 00:00;51329;mobile;female;2016;Tuesday
23.11.2016 00:00;48490;mobile;male;2016;Wednesday
24.11.2016 00:00;46822;other;female;2016;Thursday
25.11.2016 00:00;29973;other;male;2016;Friday
26.11.2016 00:00;25239;mobile;male;2016;Saturday
27.11.2016 00:00;27955;other;female;2016;Sunday
28.11.2016 00:00;31749;tablet;female;2016;Monday
29.11.2016 00:00;29694;laptop;female;2016;Tuesday
30.11.2016 00:00;27470;mobile;male;2016;Wednesday
01.12.2016 00:00;32666;tablet;male;2016;Thursday
02.12.2016 00:00;36075;other;female;2016;Friday
03.12.2016 00:00;31115;tablet;male;2016;Saturday
04.12.2016 00:00;23536;tablet;male;2016;Sunday
05.12.2016 00:00;25527;other;male;2016;Monday
06.12.2016 00:00;28078;tablet;male;2016;Tuesday
07.12.2016 00:00;31498;mobile;male;2016;Wednesday
08.12.2016 00:00;28919;other;male;2016;Thursday
09.12.2016 00:00;27988;laptop;male;2016;Friday
10.12.2016 00:00;25698;mobile;female;2016;Saturday
11.12.2016 00:00;28806;tablet;male;2016;Sunday
12.12.2016 00:00;31131;other;male;2016;Monday
13.12.2016 00:00;32777;mobile;female;2016;Tuesday
14.12.2016 00:00;32015;tablet;female;2016;Wednesday
15.12.2016 00:00;42333;other;female;2016;Thursday
16.12.2016 00:00;28715;mobile;female;2016;Friday
17.12.2016 00:00;23503;mobile;male;2016;Saturday
18.12.2016 00:00;23391;other;male;2016;Sunday
19.12.2016 00:00;28247;tablet;male;2016;Monday
20.12.2016 00:00;29969;mobile;male;2016;Tuesday
21.12.2016 00:00;28531;tablet;female;2016;Wednesday
22.12.2016 00:00;29442;tablet;male;2016;Thursday
23.12.2016 00:00;24747;mobile;male;2016;Friday
24.12.2016 00:00;20227;other;male;2016;Saturday
25.12.2016 00:00;19035;tablet;male;2016;Sunday
26.12.2016 00:00;23076;tablet;female;2016;Monday
27.12.2016 00:00;25138;laptop;male;2016;Tuesday
28.12.2016 00:00;28424;other;female;2016;Wednesday
29.12.2016 00:00;27197;tablet;male;2016;Thursday
30.12.2016 00:00;24804;tablet;male;2016;Friday
31.12.2016 00:00;20197;tablet;male;2016;Saturday
01.01.2017 00:00;26185;other;female;2017;Sunday
02.01.2017 00:00;28560;tablet;female;2017;Monday
03.01.2017 00:00;31525;tablet;male;2017;Tuesday
04.01.2017 00:00;28955;other;female;2017;Wednesday
05.01.2017 00:00;35024;mobile;male;2017;Thursday
06.01.2017 00:00;37353;tablet;female;2017;Friday
07.01.2017 00:00;33233;mobile;male;2017;Saturday
08.01.2017 00:00;30571;laptop;male;2017;Sunday
09.01.2017 00:00;32352;laptop;male;2017;Monday
10.01.2017 00:00;33550;laptop;female;2017;Tuesday
11.01.2017 00:00;35142;other;female;2017;Wednesday
12.01.2017 00:00;30960;tablet;female;2017;Thursday
13.01.2017 00:00;33266;mobile;male;2017;Friday
14.01.2017 00:00;34418;other;female;2017;Saturday
15.01.2017 00:00;26987;other;male;2017;Sunday
16.01.2017 00:00;37466;laptop;male;2017;Monday
17.01.2017 00:00;32119;other;female;2017;Tuesday
18.01.2017 00:00;30628;other;male;2017;Wednesday
19.01.2017 00:00;32362;tablet;female;2017;Thursday
20.01.2017 00:00;30079;tablet;female;2017;Friday
21.01.2017 00:00;29555;mobile;female;2017;Saturday
22.01.2017 00:00;33041;laptop;male;2017;Sunday
23.01.2017 00:00;37958;other;male;2017;Monday
24.01.2017 00:00;33083;mobile;female;2017;Tuesday
25.01.2017 00:00;31990;tablet;female;2017;Wednesday
26.01.2017 00:00;32775;mobile;female;2017;Thursday
27.01.2017 00:00;29665;laptop;female;2017;Friday
28.01.2017 00:00;28045;other;female;2017;Saturday
29.01.2017 00:00;55875;other;female;2017;Sunday
30.01.2017 00:00;32284;tablet;male;2017;Monday
31.01.2017 00:00;31334;mobile;female;2017;Tuesday
01.02.2017 00:00;30124;other;male;2017;Wednesday
02.02.2017 00:00;31924;laptop;female;2017;Thursday
03.02.2017 00:00;27526;other;male;2017;Friday
04.02.2017 00:00;24955;mobile;female;2017;Saturday
05.02.2017 00:00;30714;tablet;male;2017;Sunday
06.02.2017 00:00;33347;laptop;male;2017;Monday
07.02.2017 00:00;37804;other;male;2017;Tuesday
08.02.2017 00:00;33664;tablet;female;2017;Wednesday
09.02.2017 00:00;36645;mobile;male;2017;Thursday
10.02.2017 00:00;29067;laptop;female;2017;Friday
11.02.2017 00:00;24300;laptop;male;2017;Saturday
12.02.2017 00:00;29004;mobile;male;2017;Sunday
13.02.2017 00:00;32764;tablet;female;2017;Monday
14.02.2017 00:00;33632;other;male;2017;Tuesday
15.02.2017 00:00;30330;mobile;female;2017;Wednesday
16.02.2017 00:00;30942;other;male;2017;Thursday
17.02.2017 00:00;28747;other;female;2017;Friday
18.02.2017 00:00;26708;other;female;2017;Saturday
19.02.2017 00:00;26266;other;male;2017;Sunday
20.02.2017 00:00;37017;mobile;female;2017;Monday
21.02.2017 00:00;32837;laptop;male;2017;Tuesday
22.02.2017 00:00;36489;mobile;female;2017;Wednesday
23.02.2017 00:00;33894;tablet;male;2017;Thursday
24.02.2017 00:00;33952;other;male;2017;Friday
25.02.2017 00:00;28785;tablet;male;2017;Saturday
26.02.2017 00:00;27813;laptop;female;2017;Sunday
27.02.2017 00:00;31283;tablet;female;2017;Monday
28.02.2017 00:00;30633;laptop;female;2017;Tuesday
01.03.2017 00:00;33258;tablet;female;2017;Wednesday
02.03.2017 00:00;29234;other;male;2017;Thursday
03.03.2017 00:00;28912;mobile;male;2017;Friday
04.03.2017 00:00;23709;mobile;female;2017;Saturday
05.03.2017 00:00;23970;other;female;2017;Sunday
06.03.2017 00:00;31878;other;male;2017;Monday
07.03.2017 00:00;30962;tablet;male;2017;Tuesday
08.03.2017 00:00;29290;laptop;male;2017;Wednesday
09.03.2017 00:00;28652;mobile;male;2017;Thursday
10.03.2017 00:00;27218;tablet;female;2017;Friday
11.03.2017 00:00;25319;laptop;female;2017;Saturday
12.03.2017 00:00;26416;mobile;male;2017;Sunday
13.03.2017 00:00;28475;mobile;female;2017;Monday
14.03.2017 00:00;31696;tablet;female;2017;Tuesday
15.03.2017 00:00;31997;laptop;female;2017;Wednesday
16.03.2017 00:00;30443;tablet;female;2017;Thursday
17.03.2017 00:00;28411;mobile;male;2017;Friday
18.03.2017 00:00;23845;laptop;male;2017;Saturday
19.03.2017 00:00;25132;laptop;male;2017;Sunday
20.03.2017 00:00;29705;laptop;female;2017;Monday
21.03.2017 00:00;26941;laptop;female;2017;Tuesday
22.03.2017 00:00;34204;mobile;female;2017;Wednesday
23.03.2017 00:00;31416;mobile;male;2017;Thursday
24.03.2017 00:00;30360;mobile;male;2017;Friday
25.03.2017 00:00;25596;laptop;male;2017;Saturday
26.03.2017 00:00;36487;other;female;2017;Sunday
27.03.2017 00:00;35773;laptop;male;2017;Monday
28.03.2017 00:00;30866;laptop;female;2017;Tuesday
29.03.2017 00:00;29235;tablet;female;2017;Wednesday
30.03.2017 00:00;30333;tablet;male;2017;Thursday
31.03.2017 00:00;30709;laptop;male;2017;Friday
01.04.2017 00:00;23762;laptop;male;2017;Saturday
02.04.2017 00:00;24969;tablet;female;2017;Sunday
03.04.2017 00:00;33614;laptop;female;2017;Monday
04.04.2017 00:00;35923;tablet;female;2017;Tuesday
05.04.2017 00:00;31198;other;female;2017;Wednesday
06.04.2017 00:00;32455;tablet;female;2017;Thursday
07.04.2017 00:00;28156;laptop;male;2017;Friday
08.04.2017 00:00;24879;mobile;male;2017;Saturday
09.04.2017 00:00;23871;laptop;female;2017;Sunday
10.04.2017 00:00;30624;tablet;male;2017;Monday
11.04.2017 00:00;33896;tablet;female;2017;Tuesday
12.04.2017 00:00;31360;mobile;female;2017;Wednesday
13.04.2017 00:00;27592;mobile;female;2017;Thursday
14.04.2017 00:00;31720;other;female;2017;Friday
15.04.2017 00:00;27999;laptop;male;2017;Saturday
16.04.2017 00:00;27037;mobile;female;2017;Sunday
17.04.2017 00:00;31801;other;female;2017;Monday
18.04.2017 00:00;30731;laptop;female;2017;Tuesday
19.04.2017 00:00;56682;other;male;2017;Wednesday
20.04.2017 00:00;32813;laptop;male;2017;Thursday
21.04.2017 00:00;28301;laptop;male;2017;Friday
22.04.2017 00:00;25124;tablet;female;2017;Saturday
23.04.2017 00:00;24741;tablet;female;2017;Sunday
24.04.2017 00:00;36291;mobile;male;2017;Monday
25.04.2017 00:00;32177;mobile;male;2017;Tuesday
26.04.2017 00:00;30675;mobile;male;2017;Wednesday
27.04.2017 00:00;51977;laptop;male;2017;Thursday
28.04.2017 00:00;26987;mobile;female;2017;Friday
29.04.2017 00:00;23219;other;female;2017;Saturday
30.04.2017 00:00;25788;other;male;2017;Sunday
01.05.2017 00:00;30580;tablet;female;2017;Monday
02.05.2017 00:00;30175;mobile;male;2017;Tuesday
03.05.2017 00:00;29907;tablet;male;2017;Wednesday
04.05.2017 00:00;32716;tablet;male;2017;Thursday
05.05.2017 00:00;32642;tablet;male;2017;Friday
06.05.2017 00:00;28752;mobile;male;2017;Saturday
07.05.2017 00:00;25898;laptop;male;2017;Sunday
08.05.2017 00:00;39028;other;female;2017;Monday
09.05.2017 00:00;46944;tablet;female;2017;Tuesday
10.05.2017 00:00;39860;mobile;female;2017;Wednesday
11.05.2017 00:00;46743;laptop;male;2017;Thursday
12.05.2017 00:00;29197;mobile;female;2017;Friday
13.05.2017 00:00;26105;mobile;female;2017;Saturday
14.05.2017 00:00;28039;tablet;female;2017;Sunday
15.05.2017 00:00;35563;other;female;2017;Monday
16.05.2017 00:00;35443;tablet;female;2017;Tuesday
17.05.2017 00:00;35114;mobile;male;2017;Wednesday
18.05.2017 00:00;37373;laptop;male;2017;Thursday
19.05.2017 00:00;31868;other;female;2017;Friday
20.05.2017 00:00;30077;laptop;male;2017;Saturday
21.05.2017 00:00;25970;tablet;female;2017;Sunday
22.05.2017 00:00;32100;laptop;male;2017;Monday
23.05.2017 00:00;35395;mobile;female;2017;Tuesday
24.05.2017 00:00;39844;mobile;male;2017;Wednesday
25.05.2017 00:00;44889;other;female;2017;Thursday
26.05.2017 00:00;39374;tablet;female;2017;Friday
27.05.2017 00:00;26679;mobile;male;2017;Saturday
28.05.2017 00:00;26758;mobile;male;2017;Sunday
29.05.2017 00:00;32635;other;female;2017;Monday
30.05.2017 00:00;37686;other;male;2017;Tuesday
31.05.2017 00:00;48219;laptop;male;2017;Wednesday
01.06.2017 00:00;43336;tablet;male;2017;Thursday
02.06.2017 00:00;50825;tablet;female;2017;Friday
03.06.2017 00:00;44143;mobile;male;2017;Saturday
04.06.2017 00:00;44193;mobile;female;2017;Sunday
05.06.2017 00:00;56336;tablet;male;2017;Monday
06.06.2017 00:00;47989;laptop;female;2017;Tuesday
07.06.2017 00:00;47885;other;male;2017;Wednesday
08.06.2017 00:00;43983;tablet;female;2017;Thursday
09.06.2017 00:00;44776;other;female;2017;Friday
10.06.2017 00:00;42018;other;female;2017;Saturday
11.06.2017 00:00;34311;tablet;male;2017;Sunday
12.06.2017 00:00;39694;mobile;female;2017;Monday
13.06.2017 00:00;41098;tablet;male;2017;Tuesday
14.06.2017 00:00;38289;tablet;male;2017;Wednesday
15.06.2017 00:00;35351;mobile;female;2017;Thursday
16.06.2017 00:00;39123;mobile;male;2017;Friday
17.06.2017 00:00;40941;tablet;female;2017;Saturday
18.06.2017 00:00;33112;laptop;male;2017;Sunday
19.06.2017 00:00;38418;tablet;male;2017;Monday
20.06.2017 00:00;45829;laptop;female;2017;Tuesday
21.06.2017 00:00;42424;tablet;female;2017;Wednesday
22.06.2017 00:00;54267;laptop;male;2017;Thursday
23.06.2017 00:00;38842;laptop;male;2017;Friday
24.06.2017 00:00;40668;tablet;male;2017;Saturday
25.06.2017 00:00;46618;laptop;male;2017;Sunday
26.06.2017 00:00;43904;other;male;2017;Monday
27.06.2017 00:00;46568;mobile;female;2017;Tuesday
28.06.2017 00:00;52375;mobile;male;2017;Wednesday
29.06.2017 00:00;41553;laptop;female;2017;Thursday
30.06.2017 00:00;48456;tablet;female;2017;Friday
01.07.2017 00:00;37928;laptop;male;2017;Saturday
02.07.2017 00:00;47547;laptop;male;2017;Sunday
03.07.2017 00:00;78839;laptop;male;2017;Monday
04.07.2017 00:00;82957;laptop;male;2017;Tuesday
05.07.2017 00:00;79604;other;female;2017;Wednesday
06.07.2017 00:00;70436;tablet;male;2017;Thursday
07.07.2017 00:00;55682;other;male;2017;Friday
08.07.2017 00:00;47133;tablet;female;2017;Saturday
09.07.2017 00:00;52715;laptop;male;2017;Sunday
10.07.2017 00:00;60916;tablet;female;2017;Monday
11.07.2017 00:00;58470;other;female;2017;Tuesday
12.07.2017 00:00;67336;mobile;female;2017;Wednesday
13.07.2017 00:00;72532;other;female;2017;Thursday
14.07.2017 00:00;78133;laptop;female;2017;Friday
15.07.2017 00:00;75974;laptop;male;2017;Saturday
16.07.2017 00:00;77304;laptop;female;2017;Sunday
17.07.2017 00:00;74115;other;female;2017;Monday
18.07.2017 00:00;78235;other;male;2017;Tuesday
19.07.2017 00:00;83925;tablet;female;2017;Wednesday
20.07.2017 00:00;62996;laptop;female;2017;Thursday
21.07.2017 00:00;65973;laptop;male;2017;Friday
22.07.2017 00:00;60364;mobile;male;2017;Saturday
23.07.2017 00:00;57083;other;female;2017;Sunday
24.07.2017 00:00;63076;laptop;female;2017;Monday
25.07.2017 00:00;78896;tablet;male;2017;Tuesday
26.07.2017 00:00;61290;mobile;male;2017;Wednesday
27.07.2017 00:00;68910;other;female;2017;Thursday
28.07.2017 00:00;77848;laptop;male;2017;Friday
29.07.2017 00:00;57041;other;female;2017;Saturday
30.07.2017 00:00;44213;other;male;2017;Sunday
31.07.2017 00:00;62541;other;male;2017;Monday
01.08.2017 00:00;46685;mobile;male;2017;Tuesday
02.08.2017 00:00;51019;mobile;male;2017;Wednesday
03.08.2017 00:00;49166;other;male;2017;Thursday
04.08.2017 00:00;56280;mobile;female;2017;Friday
05.08.2017 00:00;44482;mobile;male;2017;Saturday
06.08.2017 00:00;42476;mobile;male;2017;Sunday
07.08.2017 00:00;47298;laptop;female;2017;Monday
08.08.2017 00:00;47995;mobile;female;2017;Tuesday
09.08.2017 00:00;46436;mobile;male;2017;Wednesday
10.08.2017 00:00;43221;laptop;female;2017;Thursday
11.08.2017 00:00;48098;mobile;male;2017;Friday
12.08.2017 00:00;43524;mobile;female;2017;Saturday
13.08.2017 00:00;40913;tablet;male;2017;Sunday
14.08.2017 00:00;48547;other;female;2017;Monday
15.08.2017 00:00;49134;laptop;female;2017;Tuesday
16.08.2017 00:00;50398;other;male;2017;Wednesday
17.08.2017 00:00;55424;tablet;male;2017;Thursday
18.08.2017 00:00;51828;mobile;female;2017;Friday
19.08.2017 00:00;41340;mobile;male;2017;Saturday
20.08.2017 00:00;45547;other;male;2017;Sunday
21.08.2017 00:00;61318;laptop;male;2017;Monday
22.08.2017 00:00;54247;tablet;male;2017;Tuesday
23.08.2017 00:00;54941;other;female;2017;Wednesday
24.08.2017 00:00;38833;laptop;female;2017;Thursday
25.08.2017 00:00;37208;mobile;male;2017;Friday
26.08.2017 00:00;39073;mobile;female;2017;Saturday
27.08.2017 00:00;40359;mobile;female;2017;Sunday
28.08.2017 00:00;55006;laptop;male;2017;Monday
29.08.2017 00:00;52121;tablet;female;2017;Tuesday
30.08.2017 00:00;48375;mobile;male;2017;Wednesday
31.08.2017 00:00;47794;laptop;female;2017;Thursday
01.09.2017 00:00;47939;tablet;male;2017;Friday
02.09.2017 00:00;40430;mobile;female;2017;Saturday
03.09.2017 00:00;28497;tablet;female;2017;Sunday
04.09.2017 00:00;51281;mobile;female;2017;Monday
05.09.2017 00:00;52076;other;male;2017;Tuesday
06.09.2017 00:00;53952;other;male;2017;Wednesday
07.09.2017 00:00;54945;other;female;2017;Thursday
08.09.2017 00:00;48839;mobile;female;2017;Friday
09.09.2017 00:00;44404;tablet;female;2017;Saturday
10.09.2017 00:00;48150;mobile;female;2017;Sunday
11.09.2017 00:00;56383;mobile;female;2017;Monday
12.09.2017 00:00;52978;other;male;2017;Tuesday
13.09.2017 00:00;52552;mobile;female;2017;Wednesday
14.09.2017 00:00;52044;tablet;female;2017;Thursday
15.09.2017 00:00;50138;mobile;female;2017;Friday
16.09.2017 00:00;42710;mobile;female;2017;Saturday
17.09.2017 00:00;42071;tablet;male;2017;Sunday
18.09.2017 00:00;58878;tablet;female;2017;Monday
19.09.2017 00:00;51861;tablet;male;2017;Tuesday
20.09.2017 00:00;51792;laptop;male;2017;Wednesday
21.09.2017 00:00;48664;mobile;male;2017;Thursday
22.09.2017 00:00;43914;mobile;male;2017;Friday
23.09.2017 00:00;39859;other;male;2017;Saturday
24.09.2017 00:00;37368;tablet;male;2017;Sunday
25.09.2017 00:00;46807;tablet;female;2017;Monday
26.09.2017 00:00;50268;other;female;2017;Tuesday
27.09.2017 00:00;48480;other;male;2017;Wednesday
28.09.2017 00:00;45651;tablet;female;2017;Thursday
29.09.2017 00:00;43654;mobile;male;2017;Friday
30.09.2017 00:00;34719;tablet;female;2017;Saturday
01.10.2017 00:00;38835;other;female;2017;Sunday
02.10.2017 00:00;46391;other;male;2017;Monday
03.10.2017 00:00;50398;other;female;2017;Tuesday
04.10.2017 00:00;50115;tablet;male;2017;Wednesday
05.10.2017 00:00;57123;mobile;female;2017;Thursday
06.10.2017 00:00;50828;laptop;female;2017;Friday
07.10.2017 00:00;40829;tablet;female;2017;Saturday
08.10.2017 00:00;39843;other;male;2017;Sunday
09.10.2017 00:00;48588;other;male;2017;Monday
10.10.2017 00:00;50863;other;female;2017;Tuesday
11.10.2017 00:00;46741;laptop;female;2017;Wednesday
12.10.2017 00:00;51448;laptop;male;2017;Thursday
13.10.2017 00:00;50295;mobile;female;2017;Friday
14.10.2017 00:00;42956;mobile;male;2017;Saturday
15.10.2017 00:00;39388;mobile;male;2017;Sunday
16.10.2017 00:00;48393;mobile;male;2017;Monday
17.10.2017 00:00;52093;mobile;male;2017;Tuesday
18.10.2017 00:00;50482;mobile;female;2017;Wednesday
19.10.2017 00:00;56418;other;male;2017;Thursday
20.10.2017 00:00;44474;tablet;female;2017;Friday
21.10.2017 00:00;42741;tablet;female;2017;Saturday
22.10.2017 00:00;46446;other;male;2017;Sunday
23.10.2017 00:00;50884;tablet;male;2017;Monday
24.10.2017 00:00;55085;mobile;male;2017;Tuesday
25.10.2017 00:00;50914;tablet;male;2017;Wednesday
26.10.2017 00:00;48182;mobile;male;2017;Thursday
27.10.2017 00:00;46141;other;male;2017;Friday
28.10.2017 00:00;39823;other;female;2017;Saturday
29.10.2017 00:00;39452;other;male;2017;Sunday
30.10.2017 00:00;48468;laptop;female;2017;Monday
31.10.2017 00:00;45963;mobile;female;2017;Tuesday
01.11.2017 00:00;45771;mobile;male;2017;Wednesday
02.11.2017 00:00;54769;tablet;female;2017;Thursday
03.11.2017 00:00;54387;other;male;2017;Friday
04.11.2017 00:00;43141;mobile;male;2017;Saturday
05.11.2017 00:00;43411;laptop;male;2017;Sunday
06.11.2017 00:00;55505;mobile;male;2017;Monday
07.11.2017 00:00;55343;mobile;female;2017;Tuesday
08.11.2017 00:00;49695;tablet;male;2017;Wednesday
09.11.2017 00:00;56215;tablet;male;2017;Thursday
10.11.2017 00:00;59465;mobile;male;2017;Friday
11.11.2017 00:00;41105;laptop;male;2017;Saturday
12.11.2017 00:00;53562;other;female;2017;Sunday
13.11.2017 00:00;56598;laptop;male;2017;Monday
14.11.2017 00:00;58650;mobile;male;2017;Tuesday
15.11.2017 00:00;57976;tablet;male;2017;Wednesday
16.11.2017 00:00;61562;mobile;female;2017;Thursday
17.11.2017 00:00;54098;other;female;2017;Friday
18.11.2017 00:00;45065;other;male;2017;Saturday
19.11.2017 00:00;48547;tablet;female;2017;Sunday
20.11.2017 00:00;55367;other;female;2017;Monday
21.11.2017 00:00;56693;laptop;male;2017;Tuesday
22.11.2017 00:00;136744;laptop;female;2017;Wednesday
23.11.2017 00:00;113149;mobile;female;2017;Thursday
24.11.2017 00:00;59697;laptop;female;2017;Friday
25.11.2017 00:00;42161;other;male;2017;Saturday
26.11.2017 00:00;45100;other;female;2017;Sunday
27.11.2017 00:00;55855;tablet;female;2017;Monday
28.11.2017 00:00;54324;other;male;2017;Tuesday
29.11.2017 00:00;56843;laptop;female;2017;Wednesday
30.11.2017 00:00;60249;laptop;female;2017;Thursday
01.12.2017 00:00;58830;laptop;male;2017;Friday
02.12.2017 00:00;34791;tablet;female;2017;Saturday
03.12.2017 00:00;34841;tablet;male;2017;Sunday
04.12.2017 00:00;52880;mobile;male;2017;Monday
05.12.2017 00:00;60788;tablet;male;2017;Tuesday
06.12.2017 00:00;60358;mobile;male;2017;Wednesday
07.12.2017 00:00;55929;tablet;male;2017;Thursday
08.12.2017 00:00;44714;other;male;2017;Friday
09.12.2017 00:00;41348;other;female;2017;Saturday
10.12.2017 00:00;40424;tablet;male;2017;Sunday
11.12.2017 00:00;53151;laptop;male;2017;Monday
12.12.2017 00:00;51780;tablet;female;2017;Tuesday
13.12.2017 00:00;57092;mobile;female;2017;Wednesday
14.12.2017 00:00;48394;mobile;female;2017;Thursday
15.12.2017 00:00;46097;tablet;male;2017;Friday
16.12.2017 00:00;48136;mobile;female;2017;Saturday
17.12.2017 00:00;37655;mobile;female;2017;Sunday
18.12.2017 00:00;49015;tablet;male;2017;Monday
19.12.2017 00:00;55850;other;female;2017;Tuesday
20.12.2017 00:00;48414;mobile;female;2017;Wednesday
21.12.2017 00:00;51137;tablet;female;2017;Thursday
22.12.2017 00:00;45127;other;male;2017;Friday
23.12.2017 00:00;34257;tablet;male;2017;Saturday
24.12.2017 00:00;36708;mobile;female;2017;Sunday
25.12.2017 00:00;49542;other;female;2017;Monday
26.12.2017 00:00;44083;laptop;female;2017;Tuesday
27.12.2017 00:00;43075;mobile;female;2017;Wednesday
28.12.2017 00:00;51018;tablet;male;2017;Thursday
29.12.2017 00:00;72819;mobile;female;2017;Friday
30.12.2017 00:00;50169;laptop;female;2017;Saturday
31.12.2017 00:00;42616;mobile;female;2017;Sunday
01.01.2018 00:00;41810;tablet;female;2018;Monday
02.01.2018 00:00;51362;laptop;male;2018;Tuesday
03.01.2018 00:00;56013;tablet;female;2018;Wednesday
04.01.2018 00:00;58910;other;female;2018;Thursday
05.01.2018 00:00;58239;other;male;2018;Friday
06.01.2018 00:00;41870;laptop;female;2018;Saturday
07.01.2018 00:00;42981;laptop;female;2018;Sunday
08.01.2018 00:00;62887;mobile;female;2018;Monday
09.01.2018 00:00;60260;mobile;male;2018;Tuesday
10.01.2018 00:00;106349;other;female;2018;Wednesday
11.01.2018 00:00;77030;other;male;2018;Thursday
12.01.2018 00:00;53781;laptop;male;2018;Friday
13.01.2018 00:00;42621;other;female;2018;Saturday
14.01.2018 00:00;43990;tablet;male;2018;Sunday
15.01.2018 00:00;59119;mobile;male;2018;Monday
16.01.2018 00:00;63272;other;male;2018;Tuesday
17.01.2018 00:00;60159;tablet;male;2018;Wednesday
18.01.2018 00:00;64068;mobile;male;2018;Thursday
19.01.2018 00:00;61345;mobile;male;2018;Friday
20.01.2018 00:00;50553;other;male;2018;Saturday
21.01.2018 00:00;46436;laptop;female;2018;Sunday
22.01.2018 00:00;63084;laptop;male;2018;Monday
23.01.2018 00:00;62758;other;female;2018;Tuesday
24.01.2018 00:00;61700;other;female;2018;Wednesday
25.01.2018 00:00;65438;other;male;2018;Thursday
26.01.2018 00:00;56792;laptop;female;2018;Friday
27.01.2018 00:00;48186;laptop;male;2018;Saturday
28.01.2018 00:00;49485;laptop;female;2018;Sunday
29.01.2018 00:00;66609;laptop;male;2018;Monday
30.01.2018 00:00;77144;mobile;male;2018;Tuesday
31.01.2018 00:00;61732;other;female;2018;Wednesday
01.02.2018 00:00;65803;mobile;female;2018;Thursday
02.02.2018 00:00;59272;laptop;female;2018;Friday
03.02.2018 00:00;45779;other;male;2018;Saturday
04.02.2018 00:00;29872;tablet;male;2018;Sunday
05.02.2018 00:00;76073;tablet;male;2018;Monday
06.02.2018 00:00;77059;mobile;male;2018;Tuesday
07.02.2018 00:00;74939;tablet;female;2018;Wednesday
08.02.2018 00:00;75397;tablet;female;2018;Thursday
09.02.2018 00:00;71514;tablet;male;2018;Friday
10.02.2018 00:00;51208;other;female;2018;Saturday
11.02.2018 00:00;52371;other;female;2018;Sunday
12.02.2018 00:00;76738;other;female;2018;Monday
13.02.2018 00:00;74967;mobile;male;2018;Tuesday
14.02.2018 00:00;66850;laptop;male;2018;Wednesday
15.02.2018 00:00;70090;other;female;2018;Thursday
16.02.2018 00:00;68310;laptop;female;2018;Friday
17.02.2018 00:00;56257;tablet;male;2018;Saturday
18.02.2018 00:00;53798;other;female;2018;Sunday
19.02.2018 00:00;67406;tablet;male;2018;Monday
20.02.2018 00:00;72493;other;male;2018;Tuesday
21.02.2018 00:00;82716;laptop;male;2018;Wednesday
22.02.2018 00:00;84685;laptop;male;2018;Thursday
23.02.2018 00:00;68160;mobile;male;2018;Friday
24.02.2018 00:00;51002;mobile;male;2018;Saturday
25.02.2018 00:00;50945;other;female;2018;Sunday
26.02.2018 00:00;69180;mobile;female;2018;Monday
27.02.2018 00:00;75783;mobile;female;2018;Tuesday
28.02.2018 00:00;70345;laptop;male;2018;Wednesday
01.03.2018 00:00;66423;mobile;female;2018;Thursday
02.03.2018 00:00;62627;tablet;male;2018;Friday
03.03.2018 00:00;48492;tablet;male;2018;Saturday
04.03.2018 00:00;53712;laptop;male;2018;Sunday
05.03.2018 00:00;65506;mobile;female;2018;Monday
06.03.2018 00:00;88644;laptop;male;2018;Tuesday
07.03.2018 00:00;76008;other;male;2018;Wednesday
08.03.2018 00:00;67376;tablet;male;2018;Thursday
09.03.2018 00:00;63935;tablet;female;2018;Friday
10.03.2018 00:00;52913;other;male;2018;Saturday
11.03.2018 00:00;49759;tablet;male;2018;Sunday
12.03.2018 00:00;66045;tablet;male;2018;Monday
13.03.2018 00:00;70428;laptop;male;2018;Tuesday
14.03.2018 00:00;66001;mobile;female;2018;Wednesday
15.03.2018 00:00;66800;laptop;male;2018;Thursday
16.03.2018 00:00;60562;other;female;2018;Friday
17.03.2018 00:00;48609;laptop;female;2018;Saturday
18.03.2018 00:00;48808;laptop;female;2018;Sunday
19.03.2018 00:00;64044;mobile;female;2018;Monday
20.03.2018 00:00;65209;other;male;2018;Tuesday
21.03.2018 00:00;68532;laptop;female;2018;Wednesday
22.03.2018 00:00;71059;mobile;male;2018;Thursday
23.03.2018 00:00;65798;tablet;female;2018;Friday
24.03.2018 00:00;48873;mobile;male;2018;Saturday
25.03.2018 00:00;51219;mobile;female;2018;Sunday
26.03.2018 00:00;68186;tablet;female;2018;Monday
27.03.2018 00:00;70345;laptop;female;2018;Tuesday
28.03.2018 00:00;68748;other;male;2018;Wednesday
29.03.2018 00:00;68853;tablet;male;2018;Thursday
30.03.2018 00:00;58890;other;female;2018;Friday
31.03.2018 00:00;51103;tablet;female;2018;Saturday
01.04.2018 00:00;56224;other;male;2018;Sunday
02.04.2018 00:00;66957;laptop;female;2018;Monday
03.04.2018 00:00;70500;mobile;male;2018;Tuesday
04.04.2018 00:00;71217;other;female;2018;Wednesday
05.04.2018 00:00;71640;other;male;2018;Thursday
06.04.2018 00:00;65494;tablet;female;2018;Friday
07.04.2018 00:00;52642;other;male;2018;Saturday
08.04.2018 00:00;49394;tablet;male;2018;Sunday
09.04.2018 00:00;67122;tablet;male;2018;Monday
10.04.2018 00:00;67930;mobile;male;2018;Tuesday
11.04.2018 00:00;66601;laptop;male;2018;Wednesday
12.04.2018 00:00;88232;other;male;2018;Thursday
13.04.2018 00:00;65620;tablet;female;2018;Friday
14.04.2018 00:00;46493;tablet;male;2018;Saturday
15.04.2018 00:00;50303;laptop;female;2018;Sunday
16.04.2018 00:00;70225;tablet;female;2018;Monday
17.04.2018 00:00;70814;mobile;female;2018;Tuesday
18.04.2018 00:00;67661;laptop;male;2018;Wednesday
19.04.2018 00:00;65526;tablet;female;2018;Thursday
20.04.2018 00:00;68599;tablet;male;2018;Friday
21.04.2018 00:00;53931;other;male;2018;Saturday
22.04.2018 00:00;53319;other;male;2018;Sunday
23.04.2018 00:00;68490;tablet;female;2018;Monday
24.04.2018 00:00;68477;other;male;2018;Tuesday
25.04.2018 00:00;68962;tablet;male;2018;Wednesday
26.04.2018 00:00;64760;tablet;female;2018;Thursday
27.04.2018 00:00;56276;laptop;female;2018;Friday
28.04.2018 00:00;42883;laptop;female;2018;Saturday
29.04.2018 00:00;42861;mobile;male;2018;Sunday
30.04.2018 00:00;51372;laptop;male;2018;Monday
01.05.2018 00:00;56905;laptop;female;2018;Tuesday
02.05.2018 00:00;56834;other;male;2018;Wednesday
03.05.2018 00:00;64835;laptop;male;2018;Thursday
04.05.2018 00:00;56420;tablet;male;2018;Friday
05.05.2018 00:00;44898;laptop;male;2018;Saturday
06.05.2018 00:00;43602;other;male;2018;Sunday
07.05.2018 00:00;55713;mobile;female;2018;Monday
08.05.2018 00:00;57836;tablet;female;2018;Tuesday
09.05.2018 00:00;54817;laptop;female;2018;Wednesday
10.05.2018 00:00;65517;tablet;female;2018;Thursday
11.05.2018 00:00;59600;other;female;2018;Friday
12.05.2018 00:00;40878;laptop;female;2018;Saturday
13.05.2018 00:00;46586;tablet;female;2018;Sunday
14.05.2018 00:00;55193;other;male;2018;Monday
15.05.2018 00:00;59453;laptop;female;2018;Tuesday
16.05.2018 00:00;56362;other;male;2018;Wednesday
17.05.2018 00:00;58871;other;female;2018;Thursday
18.05.2018 00:00;59496;other;male;2018;Friday
19.05.2018 00:00;44562;mobile;female;2018;Saturday
20.05.2018 00:00;48197;laptop;female;2018;Sunday
21.05.2018 00:00;57575;mobile;female;2018;Monday
22.05.2018 00:00;59419;other;female;2018;Tuesday
23.05.2018 00:00;63881;other;male;2018;Wednesday
24.05.2018 00:00;72924;other;female;2018;Thursday
25.05.2018 00:00;49617;other;female;2018;Friday
26.05.2018 00:00;42533;laptop;male;2018;Saturday
27.05.2018 00:00;43357;laptop;female;2018;Sunday
28.05.2018 00:00;53397;laptop;male;2018;Monday
29.05.2018 00:00;58201;tablet;male;2018;Tuesday
30.05.2018 00:00;69592;mobile;male;2018;Wednesday
31.05.2018 00:00;96378;other;female;2018;Thursday
01.06.2018 00:00;72946;mobile;male;2018;Friday
02.06.2018 00:00;58104;tablet;male;2018;Saturday
03.06.2018 00:00;56734;tablet;female;2018;Sunday
04.06.2018 00:00;74785;tablet;male;2018;Monday
05.06.2018 00:00;130604;tablet;male;2018;Tuesday
06.06.2018 00:00;70775;other;male;2018;Wednesday
07.06.2018 00:00;69192;other;female;2018;Thursday
08.06.2018 00:00;64313;laptop;female;2018;Friday
09.06.2018 00:00;56129;mobile;male;2018;Saturday
10.06.2018 00:00;60222;laptop;female;2018;Sunday
11.06.2018 00:00;71665;mobile;female;2018;Monday
12.06.2018 00:00;72167;other;male;2018;Tuesday
13.06.2018 00:00;70514;other;male;2018;Wednesday
14.06.2018 00:00;68685;tablet;female;2018;Thursday
15.06.2018 00:00;58703;tablet;male;2018;Friday
16.06.2018 00:00;50098;laptop;female;2018;Saturday
17.06.2018 00:00;52736;laptop;male;2018;Sunday
18.06.2018 00:00;80955;tablet;male;2018;Monday
19.06.2018 00:00;77413;laptop;female;2018;Tuesday
20.06.2018 00:00;83183;mobile;female;2018;Wednesday
21.06.2018 00:00;81671;mobile;female;2018;Thursday
22.06.2018 00:00;66745;laptop;female;2018;Friday
23.06.2018 00:00;72015;laptop;female;2018;Saturday
24.06.2018 00:00;68024;other;male;2018;Sunday
25.06.2018 00:00;80403;mobile;male;2018;Monday
26.06.2018 00:00;81573;other;female;2018;Tuesday
27.06.2018 00:00;69363;tablet;female;2018;Wednesday
28.06.2018 00:00;63678;tablet;female;2018;Thursday
29.06.2018 00:00;66111;other;female;2018;Friday
30.06.2018 00:00;54004;mobile;female;2018;Saturday
01.07.2018 00:00;44552;tablet;female;2018;Sunday
02.07.2018 00:00;61693;laptop;female;2018;Monday
03.07.2018 00:00;65394;other;male;2018;Tuesday
04.07.2018 00:00;63630;laptop;male;2018;Wednesday
05.07.2018 00:00;74420;mobile;female;2018;Thursday
06.07.2018 00:00;62313;other;female;2018;Friday
07.07.2018 00:00;54111;laptop;male;2018;Saturday
08.07.2018 00:00;51703;other;male;2018;Sunday
09.07.2018 00:00;62304;other;female;2018;Monday
10.07.2018 00:00;90831;other;male;2018;Tuesday
11.07.2018 00:00;71342;other;female;2018;Wednesday
12.07.2018 00:00;64328;other;male;2018;Thursday
13.07.2018 00:00;60919;laptop;male;2018;Friday
14.07.2018 00:00;49131;mobile;male;2018;Saturday
15.07.2018 00:00;50575;laptop;male;2018;Sunday
16.07.2018 00:00;63715;mobile;male;2018;Monday
17.07.2018 00:00;71926;other;male;2018;Tuesday
18.07.2018 00:00;65871;other;female;2018;Wednesday
19.07.2018 00:00;63196;laptop;male;2018;Thursday
20.07.2018 00:00;64881;laptop;male;2018;Friday
21.07.2018 00:00;54481;tablet;female;2018;Saturday
22.07.2018 00:00;54784;other;male;2018;Sunday
23.07.2018 00:00;70218;mobile;male;2018;Monday
24.07.2018 00:00;73937;laptop;male;2018;Tuesday
25.07.2018 00:00;95611;mobile;female;2018;Wednesday
26.07.2018 00:00;96264;tablet;male;2018;Thursday
27.07.2018 00:00;57272;other;male;2018;Friday
28.07.2018 00:00;44523;mobile;male;2018;Saturday
29.07.2018 00:00;44070;laptop;male;2018;Sunday
30.07.2018 00:00;60989;other;male;2018;Monday
31.07.2018 00:00;62339;mobile;male;2018;Tuesday
01.08.2018 00:00;63520;mobile;female;2018;Wednesday
02.08.2018 00:00;63268;laptop;male;2018;Thursday
03.08.2018 00:00;62227;laptop;female;2018;Friday
04.08.2018 00:00;46947;laptop;male;2018;Saturday
05.08.2018 00:00;42650;mobile;male;2018;Sunday
06.08.2018 00:00;63159;other;male;2018;Monday
07.08.2018 00:00;67216;laptop;female;2018;Tuesday
08.08.2018 00:00;72890;tablet;female;2018;Wednesday
09.08.2018 00:00;71460;other;female;2018;Thursday
10.08.2018 00:00;71279;mobile;female;2018;Friday
11.08.2018 00:00;55241;other;female;2018;Saturday
12.08.2018 00:00;52774;other;male;2018;Sunday
13.08.2018 00:00;66145;other;female;2018;Monday
14.08.2018 00:00;66222;laptop;male;2018;Tuesday
15.08.2018 00:00;67895;mobile;female;2018;Wednesday
16.08.2018 00:00;61577;tablet;male;2018;Thursday
17.08.2018 00:00;59822;mobile;female;2018;Friday
18.08.2018 00:00;52645;tablet;male;2018;Saturday
19.08.2018 00:00;58069;laptop;male;2018;Sunday
20.08.2018 00:00;71289;other;female;2018;Monday
21.08.2018 00:00;68729;other;male;2018;Tuesday
22.08.2018 00:00;67580;mobile;male;2018;Wednesday
23.08.2018 00:00;66574;laptop;male;2018;Thursday
24.08.2018 00:00;62847;tablet;female;2018;Friday
25.08.2018 00:00;51910;other;male;2018;Saturday
26.08.2018 00:00;49398;tablet;female;2018;Sunday
27.08.2018 00:00;63821;tablet;male;2018;Monday
28.08.2018 00:00;63969;laptop;male;2018;Tuesday
29.08.2018 00:00;63573;mobile;male;2018;Wednesday
30.08.2018 00:00;75250;tablet;female;2018;Thursday
31.08.2018 00:00;77834;other;female;2018;Friday
01.09.2018 00:00;47114;tablet;male;2018;Saturday
02.09.2018 00:00;46875;mobile;female;2018;Sunday
03.09.2018 00:00;67138;laptop;male;2018;Monday
04.09.2018 00:00;72182;mobile;male;2018;Tuesday
05.09.2018 00:00;76418;other;female;2018;Wednesday
06.09.2018 00:00;79476;laptop;female;2018;Thursday
07.09.2018 00:00;78279;tablet;male;2018;Friday
08.09.2018 00:00;72950;other;female;2018;Saturday
09.09.2018 00:00;56988;laptop;female;2018;Sunday
10.09.2018 00:00;79179;laptop;female;2018;Monday
11.09.2018 00:00;88013;other;male;2018;Tuesday
12.09.2018 00:00;73528;laptop;male;2018;Wednesday
13.09.2018 00:00;77145;laptop;male;2018;Thursday
14.09.2018 00:00;66614;tablet;female;2018;Friday
15.09.2018 00:00;56505;laptop;male;2018;Saturday
16.09.2018 00:00;50128;other;male;2018;Sunday
17.09.2018 00:00;64325;mobile;male;2018;Monday
18.09.2018 00:00;68692;mobile;male;2018;Tuesday
19.09.2018 00:00;71498;mobile;male;2018;Wednesday
20.09.2018 00:00;68598;other;female;2018;Thursday
21.09.2018 00:00;68987;other;male;2018;Friday
22.09.2018 00:00;50512;tablet;female;2018;Saturday
23.09.2018 00:00;56152;other;female;2018;Sunday
24.09.2018 00:00;70468;mobile;female;2018;Monday
25.09.2018 00:00;64054;other;male;2018;Tuesday
26.09.2018 00:00;69501;laptop;female;2018;Wednesday
27.09.2018 00:00;67876;laptop;male;2018;Thursday
28.09.2018 00:00;72233;laptop;male;2018;Friday
29.09.2018 00:00;52292;mobile;male;2018;Saturday
30.09.2018 00:00;44532;tablet;female;2018;Sunday
01.10.2018 00:00;25830;tablet;female;2018;Monday
02.10.2018 00:00;10099;mobile;female;2018;Tuesday
03.10.2018 00:00;62166;mobile;male;2018;Wednesday
04.10.2018 00:00;83869;laptop;female;2018;Thursday
05.10.2018 00:00;86759;other;female;2018;Friday
06.10.2018 00:00;59515;tablet;male;2018;Saturday
07.10.2018 00:00;87863;mobile;female;2018;Sunday
08.10.2018 00:00;120741;other;male;2018;Monday
09.10.2018 00:00;131815;mobile;female;2018;Tuesday
10.10.2018 00:00;153341;laptop;female;2018;Wednesday
11.10.2018 00:00;163758;mobile;male;2018;Thursday
12.10.2018 00:00;176175;mobile;male;2018;Friday
13.10.2018 00:00;168644;mobile;female;2018;Saturday
14.10.2018 00:00;184018;mobile;female;2018;Sunday
15.10.2018 00:00;174639;mobile;male;2018;Monday
16.10.2018 00:00;177647;other;female;2018;Tuesday
17.10.2018 00:00;169915;mobile;female;2018;Wednesday
18.10.2018 00:00;155078;mobile;female;2018;Thursday
19.10.2018 00:00;149940;laptop;female;2018;Friday
20.10.2018 00:00;92549;laptop;female;2018;Saturday
21.10.2018 00:00;80661;mobile;female;2018;Sunday
22.10.2018 00:00;80458;other;female;2018;Monday
23.10.2018 00:00;105987;other;female;2018;Tuesday
24.10.2018 00:00;138476;mobile;male;2018;Wednesday
25.10.2018 00:00;140264;tablet;female;2018;Thursday
26.10.2018 00:00;100213;other;female;2018;Friday
27.10.2018 00:00;65391;tablet;male;2018;Saturday
28.10.2018 00:00;61406;mobile;male;2018;Sunday
29.10.2018 00:00;76625;other;female;2018;Monday
30.10.2018 00:00;97815;mobile;male;2018;Tuesday
31.10.2018 00:00;108695;tablet;female;2018;Wednesday
01.11.2018 00:00;85861;other;male;2018;Thursday
02.11.2018 00:00;73794;other;female;2018;Friday
03.11.2018 00:00;62830;laptop;female;2018;Saturday
04.11.2018 00:00;62538;laptop;male;2018;Sunday
05.11.2018 00:00;79117;other;male;2018;Monday
06.11.2018 00:00;83775;tablet;male;2018;Tuesday
07.11.2018 00:00;84770;tablet;male;2018;Wednesday
08.11.2018 00:00;105849;tablet;female;2018;Thursday
09.11.2018 00:00;76395;tablet;female;2018;Friday
10.11.2018 00:00;64975;tablet;male;2018;Saturday
11.11.2018 00:00;58481;tablet;female;2018;Sunday
12.11.2018 00:00;80567;laptop;male;2018;Monday
13.11.2018 00:00;91368;other;male;2018;Tuesday
14.11.2018 00:00;90488;laptop;male;2018;Wednesday
15.11.2018 00:00;76911;laptop;female;2018;Thursday
16.11.2018 00:00;80870;other;male;2018;Friday
17.11.2018 00:00;61170;other;male;2018;Saturday
18.11.2018 00:00;66269;tablet;female;2018;Sunday
19.11.2018 00:00;92083;other;male;2018;Monday
20.11.2018 00:00;90130;tablet;female;2018;Tuesday
21.11.2018 00:00;77632;laptop;male;2018;Wednesday
22.11.2018 00:00;78076;laptop;female;2018;Thursday
23.11.2018 00:00;75398;other;female;2018;Friday
24.11.2018 00:00;64116;other;female;2018;Saturday
25.11.2018 00:00;62559;laptop;female;2018;Sunday
26.11.2018 00:00;77084;other;female;2018;Monday
27.11.2018 00:00;93864;tablet;female;2018;Tuesday
28.11.2018 00:00;88667;laptop;male;2018;Wednesday
29.11.2018 00:00;92368;mobile;female;2018;Thursday
30.11.2018 00:00;82645;tablet;male;2018;Friday
01.12.2018 00:00;62373;laptop;male;2018;Saturday
02.12.2018 00:00;73710;tablet;male;2018;Sunday
03.12.2018 00:00;96254;laptop;female;2018;Monday
04.12.2018 00:00;96984;laptop;female;2018;Tuesday
05.12.2018 00:00;96559;mobile;female;2018;Wednesday
06.12.2018 00:00;89751;laptop;female;2018;Thursday
07.12.2018 00:00;86705;tablet;male;2018;Friday
08.12.2018 00:00;72606;laptop;male;2018;Saturday
09.12.2018 00:00;70190;other;female;2018;Sunday
10.12.2018 00:00;74469;tablet;male;2018;Monday
11.12.2018 00:00;81153;laptop;female;2018;Tuesday
12.12.2018 00:00;83163;other;female;2018;Wednesday
13.12.2018 00:00;89445;mobile;female;2018;Thursday
14.12.2018 00:00;83384;tablet;female;2018;Friday
15.12.2018 00:00;79467;laptop;female;2018;Saturday
16.12.2018 00:00;77869;mobile;female;2018;Sunday
17.12.2018 00:00;98436;mobile;male;2018;Monday
18.12.2018 00:00;96231;other;male;2018;Tuesday
19.12.2018 00:00;92070;other;male;2018;Wednesday
20.12.2018 00:00;90449;laptop;male;2018;Thursday
21.12.2018 00:00;85083;tablet;female;2018;Friday
22.12.2018 00:00;70392;other;female;2018;Saturday
23.12.2018 00:00;69765;laptop;female;2018;Sunday
24.12.2018 00:00;69618;other;female;2018;Monday
25.12.2018 00:00;74671;other;female;2018;Tuesday
26.12.2018 00:00;76754;other;female;2018;Wednesday
27.12.2018 00:00;80703;other;male;2018;Thursday
28.12.2018 00:00;73629;tablet;female;2018;Friday
29.12.2018 00:00;66282;other;male;2018;Saturday
30.12.2018 00:00;62826;other;male;2018;Sunday
31.12.2018 00:00;60481;tablet;female;2018;Monday
01.01.2019 00:00;58508;tablet;female;2019;Tuesday
02.01.2019 00:00;109708;other;male;2019;Wednesday
03.01.2019 00:00;100710;other;female;2019;Thursday
04.01.2019 00:00;94514;other;male;2019;Friday
05.01.2019 00:00;77897;other;female;2019;Saturday
06.01.2019 00:00;94108;mobile;female;2019;Sunday
07.01.2019 00:00;94715;tablet;female;2019;Monday
08.01.2019 00:00;105928;laptop;male;2019;Tuesday
09.01.2019 00:00;106576;mobile;male;2019;Wednesday
10.01.2019 00:00;111328;mobile;female;2019;Thursday
11.01.2019 00:00;120991;laptop;female;2019;Friday
12.01.2019 00:00;110775;mobile;female;2019;Saturday
13.01.2019 00:00;97243;tablet;female;2019;Sunday
14.01.2019 00:00;114139;mobile;female;2019;Monday
15.01.2019 00:00;112172;tablet;male;2019;Tuesday
16.01.2019 00:00;113433;other;male;2019;Wednesday
17.01.2019 00:00;105912;other;male;2019;Thursday
18.01.2019 00:00;106513;laptop;female;2019;Friday
19.01.2019 00:00;79858;laptop;female;2019;Saturday
20.01.2019 00:00;78679;other;female;2019;Sunday
21.01.2019 00:00;103240;laptop;male;2019;Monday
22.01.2019 00:00;106126;other;female;2019;Tuesday
23.01.2019 00:00;119710;other;female;2019;Wednesday
24.01.2019 00:00;114541;other;female;2019;Thursday
25.01.2019 00:00;119836;mobile;female;2019;Friday
26.01.2019 00:00;78342;mobile;male;2019;Saturday
27.01.2019 00:00;86596;tablet;male;2019;Sunday
28.01.2019 00:00;111784;mobile;female;2019;Monday
29.01.2019 00:00;107881;mobile;female;2019;Tuesday
30.01.2019 00:00;106844;other;male;2019;Wednesday
31.01.2019 00:00;115145;laptop;female;2019;Thursday
01.02.2019 00:00;99156;other;male;2019;Friday
02.02.2019 00:00;71654;mobile;male;2019;Saturday
03.02.2019 00:00;104287;mobile;male;2019;Sunday
04.02.2019 00:00;97713;laptop;male;2019;Monday
05.02.2019 00:00;107855;laptop;male;2019;Tuesday
06.02.2019 00:00;120854;other;female;2019;Wednesday
07.02.2019 00:00;107973;other;male;2019;Thursday
08.02.2019 00:00;101730;laptop;male;2019;Friday
09.02.2019 00:00;118356;laptop;male;2019;Saturday
10.02.2019 00:00;78137;tablet;male;2019;Sunday
11.02.2019 00:00;113240;laptop;male;2019;Monday
12.02.2019 00:00;118410;laptop;female;2019;Tuesday
13.02.2019 00:00;122283;mobile;male;2019;Wednesday
14.02.2019 00:00;134772;other;male;2019;Thursday
15.02.2019 00:00;123318;mobile;female;2019;Friday
16.02.2019 00:00;111750;mobile;male;2019;Saturday
17.02.2019 00:00;98067;tablet;male;2019;Sunday
18.02.2019 00:00;112632;laptop;male;2019;Monday
19.02.2019 00:00;106237;laptop;female;2019;Tuesday
20.02.2019 00:00;120747;tablet;female;2019;Wednesday
21.02.2019 00:00;114251;tablet;male;2019;Thursday
22.02.2019 00:00;102341;tablet;female;2019;Friday
23.02.2019 00:00;86657;tablet;male;2019;Saturday
24.02.2019 00:00;81696;mobile;female;2019;Sunday
25.02.2019 00:00;99292;laptop;male;2019;Monday
26.02.2019 00:00;108135;tablet;female;2019;Tuesday
27.02.2019 00:00;102492;mobile;male;2019;Wednesday
28.02.2019 00:00;103079;mobile;female;2019;Thursday
01.03.2019 00:00;92662;mobile;male;2019;Friday
02.03.2019 00:00;75072;mobile;male;2019;Saturday
03.03.2019 00:00;76810;mobile;male;2019;Sunday
04.03.2019 00:00;104991;other;male;2019;Monday
05.03.2019 00:00;113300;laptop;female;2019;Tuesday
06.03.2019 00:00;99434;mobile;male;2019;Wednesday
07.03.2019 00:00;96024;laptop;male;2019;Thursday
08.03.2019 00:00;91932;other;female;2019;Friday
09.03.2019 00:00;65607;other;male;2019;Saturday
10.03.2019 00:00;68218;mobile;male;2019;Sunday
11.03.2019 00:00;100407;laptop;male;2019;Monday
12.03.2019 00:00;92674;tablet;female;2019;Tuesday
13.03.2019 00:00;97029;tablet;female;2019;Wednesday
14.03.2019 00:00;107248;mobile;female;2019;Thursday
15.03.2019 00:00;102519;laptop;male;2019;Friday
16.03.2019 00:00;80095;mobile;female;2019;Saturday
17.03.2019 00:00;66368;tablet;male;2019;Sunday
18.03.2019 00:00;101569;tablet;male;2019;Monday
19.03.2019 00:00;98515;other;male;2019;Tuesday
20.03.2019 00:00;95566;other;male;2019;Wednesday
21.03.2019 00:00;83454;laptop;female;2019;Thursday
22.03.2019 00:00;92856;mobile;male;2019;Friday
23.03.2019 00:00;59222;laptop;female;2019;Saturday
24.03.2019 00:00;64835;laptop;female;2019;Sunday
25.03.2019 00:00;94751;other;female;2019;Monday
26.03.2019 00:00;106366;laptop;female;2019;Tuesday
27.03.2019 00:00;97418;tablet;female;2019;Wednesday
28.03.2019 00:00;113353;mobile;female;2019;Thursday
29.03.2019 00:00;134753;laptop;female;2019;Friday
30.03.2019 00:00;83480;tablet;female;2019;Saturday
31.03.2019 00:00;71121;other;male;2019;Sunday
01.04.2019 00:00;98719;laptop;female;2019;Monday
02.04.2019 00:00;93282;other;male;2019;Tuesday
03.04.2019 00:00;98107;other;female;2019;Wednesday
04.04.2019 00:00;112045;laptop;female;2019;Thursday
05.04.2019 00:00;110418;mobile;female;2019;Friday
06.04.2019 00:00;80815;tablet;male;2019;Saturday
07.04.2019 00:00;64028;laptop;female;2019;Sunday
08.04.2019 00:00;89370;tablet;female;2019;Monday
09.04.2019 00:00;92505;other;female;2019;Tuesday
10.04.2019 00:00;92153;tablet;male;2019;Wednesday
11.04.2019 00:00;97584;mobile;male;2019;Thursday
12.04.2019 00:00;92058;tablet;male;2019;Friday
13.04.2019 00:00;93224;other;male;2019;Saturday
14.04.2019 00:00;75554;mobile;female;2019;Sunday
15.04.2019 00:00;92015;laptop;male;2019;Monday
16.04.2019 00:00;98066;other;female;2019;Tuesday
17.04.2019 00:00;100099;tablet;female;2019;Wednesday
18.04.2019 00:00;86821;laptop;female;2019;Thursday
19.04.2019 00:00;73030;tablet;female;2019;Friday
20.04.2019 00:00;131100;other;male;2019;Saturday
21.04.2019 00:00;75644;laptop;female;2019;Sunday
22.04.2019 00:00;81984;tablet;female;2019;Monday
23.04.2019 00:00;97791;mobile;male;2019;Tuesday
24.04.2019 00:00;91681;other;male;2019;Wednesday
25.04.2019 00:00;87451;mobile;female;2019;Thursday
26.04.2019 00:00;79416;other;male;2019;Friday
27.04.2019 00:00;61038;laptop;male;2019;Saturday
28.04.2019 00:00;57724;laptop;female;2019;Sunday
29.04.2019 00:00;80832;mobile;female;2019;Monday
30.04.2019 00:00;96499;laptop;female;2019;Tuesday
01.05.2019 00:00;91566;other;female;2019;Wednesday
02.05.2019 00:00;105923;laptop;male;2019;Thursday
03.05.2019 00:00;100673;mobile;female;2019;Friday
04.05.2019 00:00;62282;mobile;female;2019;Saturday
05.05.2019 00:00;86542;laptop;male;2019;Sunday
06.05.2019 00:00;83274;other;male;2019;Monday
07.05.2019 00:00;85039;tablet;female;2019;Tuesday
08.05.2019 00:00;92181;other;female;2019;Wednesday
09.05.2019 00:00;91506;mobile;male;2019;Thursday
10.05.2019 00:00;86823;other;male;2019;Friday
11.05.2019 00:00;89641;mobile;female;2019;Saturday
12.05.2019 00:00;65338;laptop;male;2019;Sunday
13.05.2019 00:00;90475;mobile;female;2019;Monday
14.05.2019 00:00;106162;laptop;male;2019;Tuesday
15.05.2019 00:00;104193;other;female;2019;Wednesday
16.05.2019 00:00;94579;tablet;female;2019;Thursday
17.05.2019 00:00;101725;other;male;2019;Friday
18.05.2019 00:00;86865;other;female;2019;Saturday
19.05.2019 00:00;101164;laptop;male;2019;Sunday
20.05.2019 00:00;92125;other;male;2019;Monday
21.05.2019 00:00;93848;laptop;male;2019;Tuesday
22.05.2019 00:00;106702;other;male;2019;Wednesday
23.05.2019 00:00;86054;mobile;male;2019;Thursday
24.05.2019 00:00;83585;tablet;male;2019;Friday
25.05.2019 00:00;67210;mobile;female;2019;Saturday
26.05.2019 00:00;67965;tablet;female;2019;Sunday
27.05.2019 00:00;106559;other;male;2019;Monday
28.05.2019 00:00;99094;other;male;2019;Tuesday
29.05.2019 00:00;100021;tablet;female;2019;Wednesday
30.05.2019 00:00;102705;mobile;female;2019;Thursday
31.05.2019 00:00;102818;other;male;2019;Friday
01.06.2019 00:00;71713;mobile;male;2019;Saturday
02.06.2019 00:00;80399;laptop;female;2019;Sunday
03.06.2019 00:00;102453;mobile;male;2019;Monday
04.06.2019 00:00;106321;laptop;female;2019;Tuesday
05.06.2019 00:00;102191;other;male;2019;Wednesday
06.06.2019 00:00;106048;tablet;male;2019;Thursday
07.06.2019 00:00;104623;mobile;female;2019;Friday
08.06.2019 00:00;61504;tablet;female;2019;Saturday
09.06.2019 00:00;75791;laptop;male;2019;Sunday
10.06.2019 00:00;98910;mobile;female;2019;Monday
11.06.2019 00:00;102190;other;male;2019;Tuesday
12.06.2019 00:00;107613;other;male;2019;Wednesday
13.06.2019 00:00;99938;tablet;male;2019;Thursday
14.06.2019 00:00;81671;laptop;female;2019;Friday
15.06.2019 00:00;63355;mobile;female;2019;Saturday
16.06.2019 00:00;69442;laptop;female;2019;Sunday
17.06.2019 00:00;1173655;tablet;female;2019;Monday
18.06.2019 00:00;1166225;laptop;male;2019;Tuesday
19.06.2019 00:00;102231;laptop;male;2019;Wednesday
20.06.2019 00:00;105359;laptop;male;2019;Thursday
21.06.2019 00:00;101275;laptop;female;2019;Friday
22.06.2019 00:00;72492;laptop;female;2019;Saturday
23.06.2019 00:00;83188;laptop;female;2019;Sunday
24.06.2019 00:00;107207;mobile;male;2019;Monday
25.06.2019 00:00;107039;laptop;male;2019;Tuesday
26.06.2019 00:00;95900;laptop;male;2019;Wednesday
27.06.2019 00:00;107290;other;male;2019;Thursday
28.06.2019 00:00;87190;laptop;female;2019;Friday
29.06.2019 00:00;63622;laptop;female;2019;Saturday
30.06.2019 00:00;65243;mobile;female;2019;Sunday
01.07.2019 00:00;97699;other;female;2019;Monday
02.07.2019 00:00;97183;tablet;female;2019;Tuesday
03.07.2019 00:00;91528;tablet;male;2019;Wednesday
04.07.2019 00:00;87225;laptop;female;2019;Thursday
05.07.2019 00:00;131213;tablet;female;2019;Friday
06.07.2019 00:00;66995;tablet;female;2019;Saturday
07.07.2019 00:00;71811;tablet;female;2019;Sunday
08.07.2019 00:00;97352;mobile;female;2019;Monday
09.07.2019 00:00;117078;mobile;female;2019;Tuesday
10.07.2019 00:00;207841;tablet;male;2019;Wednesday
11.07.2019 00:00;111793;other;female;2019;Thursday
12.07.2019 00:00;112038;tablet;female;2019;Friday
13.07.2019 00:00;70150;mobile;female;2019;Saturday
14.07.2019 00:00;68169;tablet;male;2019;Sunday
15.07.2019 00:00;107960;mobile;female;2019;Monday
16.07.2019 00:00;107007;tablet;female;2019;Tuesday
17.07.2019 00:00;129677;tablet;female;2019;Wednesday
18.07.2019 00:00;127187;mobile;female;2019;Thursday
19.07.2019 00:00;102631;laptop;male;2019;Friday
20.07.2019 00:00;75436;tablet;female;2019;Saturday
21.07.2019 00:00;70848;other;male;2019;Sunday
22.07.2019 00:00;107960;laptop;female;2019;Monday
23.07.2019 00:00;110464;mobile;male;2019;Tuesday
24.07.2019 00:00;121716;other;male;2019;Wednesday
25.07.2019 00:00;100948;tablet;female;2019;Thursday
26.07.2019 00:00;91195;tablet;male;2019;Friday
27.07.2019 00:00;68741;tablet;male;2019;Saturday
28.07.2019 00:00;70696;mobile;female;2019;Sunday
29.07.2019 00:00;100947;tablet;male;2019;Monday
30.07.2019 00:00;104442;mobile;female;2019;Tuesday
31.07.2019 00:00;99008;mobile;male;2019;Wednesday
01.08.2019 00:00;103424;mobile;male;2019;Thursday
02.08.2019 00:00;93270;other;female;2019;Friday
03.08.2019 00:00;151671;mobile;male;2019;Saturday
04.08.2019 00:00;145731;laptop;female;2019;Sunday
05.08.2019 00:00;105386;tablet;male;2019;Monday
06.08.2019 00:00;337325;laptop;female;2019;Tuesday
07.08.2019 00:00;341595;laptop;male;2019;Wednesday
08.08.2019 00:00;99495;mobile;male;2019;Thursday
09.08.2019 00:00;93534;laptop;male;2019;Friday
10.08.2019 00:00;65534;laptop;female;2019;Saturday
11.08.2019 00:00;62891;laptop;male;2019;Sunday
12.08.2019 00:00;87424;tablet;male;2019;Monday
13.08.2019 00:00;100304;tablet;male;2019;Tuesday
14.08.2019 00:00;105699;tablet;male;2019;Wednesday
15.08.2019 00:00;85475;tablet;female;2019;Thursday
16.08.2019 00:00;96934;laptop;male;2019;Friday
17.08.2019 00:00;55069;tablet;female;2019;Saturday
18.08.2019 00:00;84197;other;female;2019;Sunday
19.08.2019 00:00;119860;tablet;male;2019;Monday
20.08.2019 00:00;114539;laptop;male;2019;Tuesday
21.08.2019 00:00;118384;mobile;female;2019;Wednesday
22.08.2019 00:00;140928;tablet;male;2019;Thursday
23.08.2019 00:00;103203;laptop;female;2019;Friday
24.08.2019 00:00;80988;laptop;female;2019;Saturday
25.08.2019 00:00;80635;laptop;female;2019;Sunday
26.08.2019 00:00;130151;tablet;female;2019;Monday
27.08.2019 00:00;122564;other;male;2019;Tuesday
28.08.2019 00:00;116142;tablet;male;2019;Wednesday
29.08.2019 00:00;94855;mobile;female;2019;Thursday
30.08.2019 00:00;98117;mobile;female;2019;Friday
31.08.2019 00:00;122398;other;male;2019;Saturday
01.09.2019 00:00;69977;mobile;male;2019;Sunday
02.09.2019 00:00;85331;tablet;female;2019;Monday
03.09.2019 00:00;102896;tablet;male;2019;Tuesday
04.09.2019 00:00;106868;mobile;male;2019;Wednesday
05.09.2019 00:00;102307;mobile;female;2019;Thursday
06.09.2019 00:00;91461;tablet;female;2019;Friday
07.09.2019 00:00;61628;laptop;male;2019;Saturday
08.09.2019 00:00;98955;tablet;male;2019;Sunday
09.09.2019 00:00;174212;mobile;male;2019;Monday
10.09.2019 00:00;95371;tablet;male;2019;Tuesday
11.09.2019 00:00;97140;laptop;female;2019;Wednesday
12.09.2019 00:00;101739;laptop;female;2019;Thursday
13.09.2019 00:00;91749;other;male;2019;Friday
14.09.2019 00:00;65897;mobile;female;2019;Saturday
15.09.2019 00:00;66924;laptop;female;2019;Sunday
16.09.2019 00:00;93719;tablet;female;2019;Monday
17.09.2019 00:00;116171;other;male;2019;Tuesday
18.09.2019 00:00;106662;mobile;female;2019;Wednesday
19.09.2019 00:00;106773;other;male;2019;Thursday
20.09.2019 00:00;91165;tablet;male;2019;Friday
21.09.2019 00:00;61998;tablet;male;2019;Saturday
22.09.2019 00:00;63127;laptop;female;2019;Sunday
23.09.2019 00:00;105193;mobile;male;2019;Monday
24.09.2019 00:00;106773;laptop;female;2019;Tuesday
25.09.2019 00:00;130091;tablet;male;2019;Wednesday
26.09.2019 00:00;146917;tablet;male;2019;Thursday
27.09.2019 00:00;105245;mobile;male;2019;Friday
28.09.2019 00:00;71045;mobile;female;2019;Saturday
29.09.2019 00:00;93493;other;male;2019;Sunday
30.09.2019 00:00;107238;mobile;male;2019;Monday
01.10.2019 00:00;107202;other;male;2019;Tuesday
02.10.2019 00:00;99416;mobile;male;2019;Wednesday
03.10.2019 00:00;98737;other;female;2019;Thursday
04.10.2019 00:00;91873;tablet;male;2019;Friday
05.10.2019 00:00;78400;tablet;male;2019;Saturday
06.10.2019 00:00;76252;other;female;2019;Sunday
07.10.2019 00:00;114746;mobile;female;2019;Monday
08.10.2019 00:00;121411;mobile;male;2019;Tuesday
09.10.2019 00:00;121069;laptop;female;2019;Wednesday
10.10.2019 00:00;129971;laptop;female;2019;Thursday
11.10.2019 00:00;157475;laptop;male;2019;Friday
12.10.2019 00:00;147056;laptop;male;2019;Saturday
13.10.2019 00:00;116148;laptop;female;2019;Sunday
14.10.2019 00:00;118108;mobile;male;2019;Monday
15.10.2019 00:00;131170;other;female;2019;Tuesday
16.10.2019 00:00;185784;laptop;female;2019;Wednesday
17.10.2019 00:00;169663;mobile;female;2019;Thursday
18.10.2019 00:00;160650;tablet;male;2019;Friday
19.10.2019 00:00;116900;mobile;female;2019;Saturday
20.10.2019 00:00;120460;mobile;male;2019;Sunday
21.10.2019 00:00;208036;tablet;female;2019;Monday
22.10.2019 00:00;229870;tablet;male;2019;Tuesday
23.10.2019 00:00;273708;other;female;2019;Wednesday
24.10.2019 00:00;255178;mobile;male;2019;Thursday
25.10.2019 00:00;176921;mobile;female;2019;Friday
26.10.2019 00:00;118564;other;male;2019;Saturday
27.10.2019 00:00;129458;tablet;female;2019;Sunday
28.10.2019 00:00;209661;tablet;female;2019;Monday
29.10.2019 00:00;211967;mobile;female;2019;Tuesday
30.10.2019 00:00;210925;tablet;female;2019;Wednesday
31.10.2019 00:00;189965;tablet;female;2019;Thursday
01.11.2019 00:00;168513;mobile;male;2019;Friday
02.11.2019 00:00;118347;mobile;female;2019;Saturday
03.11.2019 00:00;130118;mobile;male;2019;Sunday
04.11.2019 00:00;201791;other;male;2019;Monday
05.11.2019 00:00;208234;tablet;female;2019;Tuesday
06.11.2019 00:00;194616;tablet;male;2019;Wednesday
07.11.2019 00:00;200462;laptop;male;2019;Thursday
08.11.2019 00:00;177588;laptop;female;2019;Friday
09.11.2019 00:00;115642;tablet;female;2019;Saturday
10.11.2019 00:00;117717;tablet;male;2019;Sunday
11.11.2019 00:00;212058;laptop;male;2019;Monday
12.11.2019 00:00;206488;other;female;2019;Tuesday
13.11.2019 00:00;195023;tablet;female;2019;Wednesday
14.11.2019 00:00;196477;tablet;male;2019;Thursday
15.11.2019 00:00;314101;tablet;female;2019;Friday
16.11.2019 00:00;125634;other;male;2019;Saturday
17.11.2019 00:00;131639;other;female;2019;Sunday
18.11.2019 00:00;221181;tablet;female;2019;Monday
19.11.2019 00:00;221555;other;female;2019;Tuesday
20.11.2019 00:00;151733;tablet;male;2019;Wednesday
21.11.2019 00:00;169121;mobile;female;2019;Thursday
22.11.2019 00:00;204015;laptop;female;2019;Friday
23.11.2019 00:00;146658;other;female;2019;Saturday
24.11.2019 00:00;138875;laptop;male;2019;Sunday
25.11.2019 00:00;219608;mobile;female;2019;Monday
26.11.2019 00:00;220590;tablet;female;2019;Tuesday
27.11.2019 00:00;208223;laptop;male;2019;Wednesday
28.11.2019 00:00;202049;mobile;male;2019;Thursday
29.11.2019 00:00;171584;mobile;female;2019;Friday
30.11.2019 00:00;141161;tablet;female;2019;Saturday
01.12.2019 00:00;142918;laptop;male;2019;Sunday
02.12.2019 00:00;220144;tablet;male;2019;Monday
03.12.2019 00:00;158549;laptop;male;2019;Tuesday
